figure_id,file_path,data_source,script,command,dataset_id,description,manuscript_mapping,status
demo-throughput,results/figures/demo_throughput.png,results/raw/benchmark_runs.csv,scripts/generate_figures.py,python scripts/generate_figures.py --run-dir <run> --demo-dir data/demo,DEMO-001;DEMO-002;DEMO-003;DEMO-004;DEMO-005;DEMO-006;DEMO-007;DEMO-008;DEMO-009;DEMO-010;DEMO-011,demo-throughput from new local demo measurements,demo equivalent only; not a manuscript figure,generated
demo-throughput,results/figures/demo_throughput.svg,results/raw/benchmark_runs.csv,scripts/generate_figures.py,python scripts/generate_figures.py --run-dir <run> --demo-dir data/demo,DEMO-001;DEMO-002;DEMO-003;DEMO-004;DEMO-005;DEMO-006;DEMO-007;DEMO-008;DEMO-009;DEMO-010;DEMO-011,demo-throughput from new local demo measurements,demo equivalent only; not a manuscript figure,generated
demo-elapsed,results/figures/demo_elapsed.png,results/raw/benchmark_runs.csv,scripts/generate_figures.py,python scripts/generate_figures.py --run-dir <run> --demo-dir data/demo,DEMO-001;DEMO-002;DEMO-003;DEMO-004;DEMO-005;DEMO-006;DEMO-007;DEMO-008;DEMO-009;DEMO-010;DEMO-011,demo-elapsed from new local demo measurements,demo equivalent only; not a manuscript figure,generated
demo-elapsed,results/figures/demo_elapsed.svg,results/raw/benchmark_runs.csv,scripts/generate_figures.py,python scripts/generate_figures.py --run-dir <run> --demo-dir data/demo,DEMO-001;DEMO-002;DEMO-003;DEMO-004;DEMO-005;DEMO-006;DEMO-007;DEMO-008;DEMO-009;DEMO-010;DEMO-011,demo-elapsed from new local demo measurements,demo equivalent only; not a manuscript figure,generated
demo-entropy,results/figures/demo_entropy.png,results/raw/benchmark_runs.csv,scripts/generate_figures.py,python scripts/generate_figures.py --run-dir <run> --demo-dir data/demo,DEMO-001;DEMO-002;DEMO-003;DEMO-004;DEMO-005;DEMO-006;DEMO-007;DEMO-008;DEMO-009;DEMO-010;DEMO-011,demo-entropy from new local demo measurements,demo equivalent only; not a manuscript figure,generated
demo-entropy,results/figures/demo_entropy.svg,results/raw/benchmark_runs.csv,scripts/generate_figures.py,python scripts/generate_figures.py --run-dir <run> --demo-dir data/demo,DEMO-001;DEMO-002;DEMO-003;DEMO-004;DEMO-005;DEMO-006;DEMO-007;DEMO-008;DEMO-009;DEMO-010;DEMO-011,demo-entropy from new local demo measurements,demo equivalent only; not a manuscript figure,generated
demo-hist-DEMO-005,results/figures/demo_hist_DEMO-005.png,data/demo/demo_005_pseudorandom_100k.bin + fresh encryption,scripts/generate_figures.py,python scripts/generate_figures.py --run-dir <run> --demo-dir data/demo,DEMO-005,demo-hist-DEMO-005 from new local demo measurements,demo equivalent only; not a manuscript figure,generated
demo-hist-DEMO-005,results/figures/demo_hist_DEMO-005.svg,data/demo/demo_005_pseudorandom_100k.bin + fresh encryption,scripts/generate_figures.py,python scripts/generate_figures.py --run-dir <run> --demo-dir data/demo,DEMO-005,demo-hist-DEMO-005 from new local demo measurements,demo equivalent only; not a manuscript figure,generated
demo-scatter-DEMO-004,results/figures/demo_scatter_DEMO-004.png,data/demo/demo_004_structured_text.txt + fresh encryption,scripts/generate_figures.py,python scripts/generate_figures.py --run-dir <run> --demo-dir data/demo,DEMO-004,demo-scatter-DEMO-004 from new local demo measurements,demo equivalent only; not a manuscript figure,generated
demo-scatter-DEMO-004,results/figures/demo_scatter_DEMO-004.svg,data/demo/demo_004_structured_text.txt + fresh encryption,scripts/generate_figures.py,python scripts/generate_figures.py --run-dir <run> --demo-dir data/demo,DEMO-004,demo-scatter-DEMO-004 from new local demo measurements,demo equivalent only; not a manuscript figure,generated
