run_id,dataset_id,roundtrip_status,exact_byte_match,measured_decrypt_match_rate,sha256_original,sha256_recovered
20261007T042845Z,DEMO-001,ok,1,1.0,e3b0c44298fc1c149afbf4c8996fb92427ae41e4649b934ca495991b7852b855,e3b0c44298fc1c149afbf4c8996fb92427ae41e4649b934ca495991b7852b855
20261007T042845Z,DEMO-002,ok,1,1.0,c33aef5769fc88357a5805ef4e4d171ce91fdacf03d93c7826a944d4a725d11b,c33aef5769fc88357a5805ef4e4d171ce91fdacf03d93c7826a944d4a725d11b
20261007T042845Z,DEMO-003,ok,1,1.0,f5ddb39412a9924f220f6c16749f0ca53083cf2aa56c4e4ca3d8994141bee964,f5ddb39412a9924f220f6c16749f0ca53083cf2aa56c4e4ca3d8994141bee964
20261007T042845Z,DEMO-004,ok,1,1.0,b6491bb4c72aa3c5a0ec4b3ee7e2f93a360f98b7f2dfeb58a887228803920890,b6491bb4c72aa3c5a0ec4b3ee7e2f93a360f98b7f2dfeb58a887228803920890
20261007T042845Z,DEMO-005,ok,1,1.0,2e4b55ced5b14b3a9e35a3881c570f3b807dfd629ce9fe38092f0b121ea72e9c,2e4b55ced5b14b3a9e35a3881c570f3b807dfd629ce9fe38092f0b121ea72e9c
20261007T042845Z,DEMO-006,ok,1,1.0,fdf54a6e3a21108278d1734ba325d7b42901c3ea4a5f63f9dd3bc870cafb4055,fdf54a6e3a21108278d1734ba325d7b42901c3ea4a5f63f9dd3bc870cafb4055
20261007T042845Z,DEMO-007,ok,1,1.0,c28c253738d9be21167fadd1d88f386f813fca687660cbd72938635bb6eedcb2,c28c253738d9be21167fadd1d88f386f813fca687660cbd72938635bb6eedcb2
20261007T042845Z,DEMO-008,ok,1,1.0,043d39048eaade3a19ad2c5c826bc898595f6d7a21dbf1b957ec0ad9b6a0fa2b,043d39048eaade3a19ad2c5c826bc898595f6d7a21dbf1b957ec0ad9b6a0fa2b
20261007T042845Z,DEMO-009,ok,1,1.0,6d72612053372c8bd45600cb71e1be8ef1f45042f2e8303dec2456ee8a645e66,6d72612053372c8bd45600cb71e1be8ef1f45042f2e8303dec2456ee8a645e66
20261007T042845Z,DEMO-010,ok,1,1.0,d72c2eef0b3d22bc2f78cd9fcfa62ceb70bc0f0af23d2c103ee7a4599baeec2a,d72c2eef0b3d22bc2f78cd9fcfa62ceb70bc0f0af23d2c103ee7a4599baeec2a
20261007T042845Z,DEMO-011,ok,1,1.0,3a52e3d833b7edf051458509f316d1aa26aa783cdcd913baf2459e31da138156,3a52e3d833b7edf051458509f316d1aa26aa783cdcd913baf2459e31da138156
