figure_id,file_path,data_source,script,command,dataset_id,description,manuscript_mapping,status,run_id,source_sha256,original_sha256,ciphertext_sha256,alignment,sampling,derivation_path,derivation_sha256,figure_sha256
demo-throughput,figures/demo_throughput.png,raw/benchmark_runs.csv,scripts/generate_figures.py,/usr/sbin/python scripts/generate_figures.py --run-dir results/runs/v1.0.0-demo-20261008T020017Z --demo-dir data/demo,DEMO-001;DEMO-002;DEMO-003;DEMO-004;DEMO-005;DEMO-006;DEMO-007;DEMO-008;DEMO-009;DEMO-010;DEMO-011,demo-throughput from new local demo measurements,demo equivalent only; not a manuscript figure,generated,v1.0.0-demo-20261008T020017Z,"{""raw/benchmark_runs.csv"": ""d67279985971635f7f4eecd454e0900d8beeadcd47710ad44ca6f5618a61a0b6"", ""raw/dataset_manifest.csv"": ""08545118452bbd14dc2dc5226b7982bcce0a628d7266dc698b8d0f7e311cb638"", ""raw/integrity_checks.csv"": ""b98c0bc4ad50c9ff0ce5a29118c949c1696e1e27e43bc30f3b8f727da998f4eb""}",,,aggregate of measured raw rows,all successful measured rows,figures/figure_derivation.json,2411a0b72f2abb7f871edfe18c6f7515a2e80d2196348e1931d097bba1bf4aa9,565a3d8ffcc1f58ee12ea52eadbdecca7e7126e2c7b3d6d460ce7e3ee764a5ef
demo-throughput,figures/demo_throughput.svg,raw/benchmark_runs.csv,scripts/generate_figures.py,/usr/sbin/python scripts/generate_figures.py --run-dir results/runs/v1.0.0-demo-20261008T020017Z --demo-dir data/demo,DEMO-001;DEMO-002;DEMO-003;DEMO-004;DEMO-005;DEMO-006;DEMO-007;DEMO-008;DEMO-009;DEMO-010;DEMO-011,demo-throughput from new local demo measurements,demo equivalent only; not a manuscript figure,generated,v1.0.0-demo-20261008T020017Z,"{""raw/benchmark_runs.csv"": ""d67279985971635f7f4eecd454e0900d8beeadcd47710ad44ca6f5618a61a0b6"", ""raw/dataset_manifest.csv"": ""08545118452bbd14dc2dc5226b7982bcce0a628d7266dc698b8d0f7e311cb638"", ""raw/integrity_checks.csv"": ""b98c0bc4ad50c9ff0ce5a29118c949c1696e1e27e43bc30f3b8f727da998f4eb""}",,,aggregate of measured raw rows,all successful measured rows,figures/figure_derivation.json,2411a0b72f2abb7f871edfe18c6f7515a2e80d2196348e1931d097bba1bf4aa9,5d0ef0afb198d71c8c4128b4e2e15735b41b541f8f9b63f3fbf130ed38c0d62c
demo-elapsed,figures/demo_elapsed.png,raw/benchmark_runs.csv,scripts/generate_figures.py,/usr/sbin/python scripts/generate_figures.py --run-dir results/runs/v1.0.0-demo-20261008T020017Z --demo-dir data/demo,DEMO-001;DEMO-002;DEMO-003;DEMO-004;DEMO-005;DEMO-006;DEMO-007;DEMO-008;DEMO-009;DEMO-010;DEMO-011,demo-elapsed from new local demo measurements,demo equivalent only; not a manuscript figure,generated,v1.0.0-demo-20261008T020017Z,"{""raw/benchmark_runs.csv"": ""d67279985971635f7f4eecd454e0900d8beeadcd47710ad44ca6f5618a61a0b6"", ""raw/dataset_manifest.csv"": ""08545118452bbd14dc2dc5226b7982bcce0a628d7266dc698b8d0f7e311cb638"", ""raw/integrity_checks.csv"": ""b98c0bc4ad50c9ff0ce5a29118c949c1696e1e27e43bc30f3b8f727da998f4eb""}",,,aggregate of measured raw rows,all successful measured rows,figures/figure_derivation.json,2411a0b72f2abb7f871edfe18c6f7515a2e80d2196348e1931d097bba1bf4aa9,fc63b0ef0efdbc87085760e52aad835a38171aa24fc2154d53767ae99f36e8e0
demo-elapsed,figures/demo_elapsed.svg,raw/benchmark_runs.csv,scripts/generate_figures.py,/usr/sbin/python scripts/generate_figures.py --run-dir results/runs/v1.0.0-demo-20261008T020017Z --demo-dir data/demo,DEMO-001;DEMO-002;DEMO-003;DEMO-004;DEMO-005;DEMO-006;DEMO-007;DEMO-008;DEMO-009;DEMO-010;DEMO-011,demo-elapsed from new local demo measurements,demo equivalent only; not a manuscript figure,generated,v1.0.0-demo-20261008T020017Z,"{""raw/benchmark_runs.csv"": ""d67279985971635f7f4eecd454e0900d8beeadcd47710ad44ca6f5618a61a0b6"", ""raw/dataset_manifest.csv"": ""08545118452bbd14dc2dc5226b7982bcce0a628d7266dc698b8d0f7e311cb638"", ""raw/integrity_checks.csv"": ""b98c0bc4ad50c9ff0ce5a29118c949c1696e1e27e43bc30f3b8f727da998f4eb""}",,,aggregate of measured raw rows,all successful measured rows,figures/figure_derivation.json,2411a0b72f2abb7f871edfe18c6f7515a2e80d2196348e1931d097bba1bf4aa9,ade546abc15607520a5f485f4c75e4d82886ab02a50f8f1a8f36499ada80e2b4
demo-entropy,figures/demo_entropy.png,raw/benchmark_runs.csv,scripts/generate_figures.py,/usr/sbin/python scripts/generate_figures.py --run-dir results/runs/v1.0.0-demo-20261008T020017Z --demo-dir data/demo,DEMO-001;DEMO-002;DEMO-003;DEMO-004;DEMO-005;DEMO-006;DEMO-007;DEMO-008;DEMO-009;DEMO-010;DEMO-011,demo-entropy from new local demo measurements,demo equivalent only; not a manuscript figure,generated,v1.0.0-demo-20261008T020017Z,"{""raw/benchmark_runs.csv"": ""d67279985971635f7f4eecd454e0900d8beeadcd47710ad44ca6f5618a61a0b6"", ""raw/dataset_manifest.csv"": ""08545118452bbd14dc2dc5226b7982bcce0a628d7266dc698b8d0f7e311cb638"", ""raw/integrity_checks.csv"": ""b98c0bc4ad50c9ff0ce5a29118c949c1696e1e27e43bc30f3b8f727da998f4eb""}",,,aggregate of measured raw rows,all successful measured rows,figures/figure_derivation.json,2411a0b72f2abb7f871edfe18c6f7515a2e80d2196348e1931d097bba1bf4aa9,e7b112bd87f5816d70b25bf03df2e9e3b66dab5c3ec4f26291103a763d51cb51
demo-entropy,figures/demo_entropy.svg,raw/benchmark_runs.csv,scripts/generate_figures.py,/usr/sbin/python scripts/generate_figures.py --run-dir results/runs/v1.0.0-demo-20261008T020017Z --demo-dir data/demo,DEMO-001;DEMO-002;DEMO-003;DEMO-004;DEMO-005;DEMO-006;DEMO-007;DEMO-008;DEMO-009;DEMO-010;DEMO-011,demo-entropy from new local demo measurements,demo equivalent only; not a manuscript figure,generated,v1.0.0-demo-20261008T020017Z,"{""raw/benchmark_runs.csv"": ""d67279985971635f7f4eecd454e0900d8beeadcd47710ad44ca6f5618a61a0b6"", ""raw/dataset_manifest.csv"": ""08545118452bbd14dc2dc5226b7982bcce0a628d7266dc698b8d0f7e311cb638"", ""raw/integrity_checks.csv"": ""b98c0bc4ad50c9ff0ce5a29118c949c1696e1e27e43bc30f3b8f727da998f4eb""}",,,aggregate of measured raw rows,all successful measured rows,figures/figure_derivation.json,2411a0b72f2abb7f871edfe18c6f7515a2e80d2196348e1931d097bba1bf4aa9,03d6a65b209be0f31f3e1f5365758369127f11afc2849b6cfc47bbc291aa6878
demo-hist-DEMO-005,figures/demo_hist_DEMO-005.png,data/demo/demo_005_pseudorandom_100k.bin;raw/ciphertexts/DEMO-005-ref.enc,scripts/generate_figures.py,/usr/sbin/python scripts/generate_figures.py --run-dir results/runs/v1.0.0-demo-20261008T020017Z --demo-dir data/demo,DEMO-005,demo-hist-DEMO-005 from new local demo measurements,demo equivalent only; not a manuscript figure,generated,v1.0.0-demo-20261008T020017Z,"{""raw/benchmark_runs.csv"": ""d67279985971635f7f4eecd454e0900d8beeadcd47710ad44ca6f5618a61a0b6"", ""raw/dataset_manifest.csv"": ""08545118452bbd14dc2dc5226b7982bcce0a628d7266dc698b8d0f7e311cb638"", ""raw/integrity_checks.csv"": ""b98c0bc4ad50c9ff0ce5a29118c949c1696e1e27e43bc30f3b8f727da998f4eb""}",2e4b55ced5b14b3a9e35a3881c570f3b807dfd629ce9fe38092f0b121ea72e9c,d8806f962db9392de8f6d7210fae123ab33b9bd397a67b87d8df4c96b7bffef0,reference ciphertext used by all decrypt rows; not measured encrypt outputs,all byte positions,figures/figure_derivation.json,2411a0b72f2abb7f871edfe18c6f7515a2e80d2196348e1931d097bba1bf4aa9,5ab2c2dca1a6b9643e4e7e27b6f3183255d0af871d8383ae601ffd6a1f382b19
demo-hist-DEMO-005,figures/demo_hist_DEMO-005.svg,data/demo/demo_005_pseudorandom_100k.bin;raw/ciphertexts/DEMO-005-ref.enc,scripts/generate_figures.py,/usr/sbin/python scripts/generate_figures.py --run-dir results/runs/v1.0.0-demo-20261008T020017Z --demo-dir data/demo,DEMO-005,demo-hist-DEMO-005 from new local demo measurements,demo equivalent only; not a manuscript figure,generated,v1.0.0-demo-20261008T020017Z,"{""raw/benchmark_runs.csv"": ""d67279985971635f7f4eecd454e0900d8beeadcd47710ad44ca6f5618a61a0b6"", ""raw/dataset_manifest.csv"": ""08545118452bbd14dc2dc5226b7982bcce0a628d7266dc698b8d0f7e311cb638"", ""raw/integrity_checks.csv"": ""b98c0bc4ad50c9ff0ce5a29118c949c1696e1e27e43bc30f3b8f727da998f4eb""}",2e4b55ced5b14b3a9e35a3881c570f3b807dfd629ce9fe38092f0b121ea72e9c,d8806f962db9392de8f6d7210fae123ab33b9bd397a67b87d8df4c96b7bffef0,reference ciphertext used by all decrypt rows; not measured encrypt outputs,all byte positions,figures/figure_derivation.json,2411a0b72f2abb7f871edfe18c6f7515a2e80d2196348e1931d097bba1bf4aa9,e046d1b783c53471d2583054bcc829da26d71e0c36ccabb3bd0a12f6ec411e2c
demo-scatter-DEMO-004,figures/demo_scatter_DEMO-004.png,data/demo/demo_004_structured_text.txt;raw/ciphertexts/DEMO-004-ref.enc,scripts/generate_figures.py,/usr/sbin/python scripts/generate_figures.py --run-dir results/runs/v1.0.0-demo-20261008T020017Z --demo-dir data/demo,DEMO-004,demo-scatter-DEMO-004 from new local demo measurements,demo equivalent only; not a manuscript figure,generated,v1.0.0-demo-20261008T020017Z,"{""raw/benchmark_runs.csv"": ""d67279985971635f7f4eecd454e0900d8beeadcd47710ad44ca6f5618a61a0b6"", ""raw/dataset_manifest.csv"": ""08545118452bbd14dc2dc5226b7982bcce0a628d7266dc698b8d0f7e311cb638"", ""raw/integrity_checks.csv"": ""b98c0bc4ad50c9ff0ce5a29118c949c1696e1e27e43bc30f3b8f727da998f4eb""}",b6491bb4c72aa3c5a0ec4b3ee7e2f93a360f98b7f2dfeb58a887228803920890,dfa6a2339d6e11ba0b0aad25d447fadf6e6394610882c1858ab2395df27698f2,reference ciphertext used by all decrypt rows; not measured encrypt outputs,"independent linspace integer indices per whole file; pairs (i,i+1)",figures/figure_derivation.json,2411a0b72f2abb7f871edfe18c6f7515a2e80d2196348e1931d097bba1bf4aa9,aed49aa9a8fdd7c306f915b3d5bcca44146bc2c13ab8ba7dc2c2d98765dbc950
demo-scatter-DEMO-004,figures/demo_scatter_DEMO-004.svg,data/demo/demo_004_structured_text.txt;raw/ciphertexts/DEMO-004-ref.enc,scripts/generate_figures.py,/usr/sbin/python scripts/generate_figures.py --run-dir results/runs/v1.0.0-demo-20261008T020017Z --demo-dir data/demo,DEMO-004,demo-scatter-DEMO-004 from new local demo measurements,demo equivalent only; not a manuscript figure,generated,v1.0.0-demo-20261008T020017Z,"{""raw/benchmark_runs.csv"": ""d67279985971635f7f4eecd454e0900d8beeadcd47710ad44ca6f5618a61a0b6"", ""raw/dataset_manifest.csv"": ""08545118452bbd14dc2dc5226b7982bcce0a628d7266dc698b8d0f7e311cb638"", ""raw/integrity_checks.csv"": ""b98c0bc4ad50c9ff0ce5a29118c949c1696e1e27e43bc30f3b8f727da998f4eb""}",b6491bb4c72aa3c5a0ec4b3ee7e2f93a360f98b7f2dfeb58a887228803920890,dfa6a2339d6e11ba0b0aad25d447fadf6e6394610882c1858ab2395df27698f2,reference ciphertext used by all decrypt rows; not measured encrypt outputs,"independent linspace integer indices per whole file; pairs (i,i+1)",figures/figure_derivation.json,2411a0b72f2abb7f871edfe18c6f7515a2e80d2196348e1931d097bba1bf4aa9,50d7fe5290a090558f659cb92aff0ca25e3f0a73ea3e297a8fe3748fc826ad4f
