run_id,dataset_id,phase,protocol,repetition,warmup,input_size_bytes,output_size_bytes,selected_n,len_hill,len_tail,elapsed_seconds,throughput_mib_s,traced_peak_bytes,cpu_percent,entropy_input,entropy_output,sha256_original,sha256_recovered,md5_original,md5_recovered,exact_byte_match,status,error_message
20261007T042845Z,DEMO-001,encrypt,notebook-compatible,0,True,0,44,4,0,0,0.0002238750457763672,0.0,139705,0.0,0.0,4.458210077614336,e3b0c44298fc1c149afbf4c8996fb92427ae41e4649b934ca495991b7852b855,,d41d8cd98f00b204e9800998ecf8427e,,,ok,
20261007T042845Z,DEMO-001,decrypt,notebook-compatible,0,True,44,0,4,0,0,0.0002460479736328125,0.17054263565891473,133789,0.0,4.503664623068882,0.0,e3b0c44298fc1c149afbf4c8996fb92427ae41e4649b934ca495991b7852b855,e3b0c44298fc1c149afbf4c8996fb92427ae41e4649b934ca495991b7852b855,d41d8cd98f00b204e9800998ecf8427e,d41d8cd98f00b204e9800998ecf8427e,1,ok,
20261007T042845Z,DEMO-001,encrypt,local-structured,0,True,0,44,4,0,0,0.0001585079999131267,0.0,139705,0.0,0.0,4.549119168523427,e3b0c44298fc1c149afbf4c8996fb92427ae41e4649b934ca495991b7852b855,,d41d8cd98f00b204e9800998ecf8427e,,,ok,
20261007T042845Z,DEMO-001,encrypt,local-structured,1,False,0,44,4,0,0,0.00014713000018673483,0.0,139705,0.0,0.0,4.503664623068882,e3b0c44298fc1c149afbf4c8996fb92427ae41e4649b934ca495991b7852b855,,d41d8cd98f00b204e9800998ecf8427e,,,ok,
20261007T042845Z,DEMO-001,encrypt,local-structured,2,False,0,44,4,0,0,0.0007565179994344362,0.0,139705,0.0,0.0,4.503664623068882,e3b0c44298fc1c149afbf4c8996fb92427ae41e4649b934ca495991b7852b855,,d41d8cd98f00b204e9800998ecf8427e,,,ok,
20261007T042845Z,DEMO-001,encrypt,local-structured,3,False,0,44,4,0,0,0.00020958099958079401,0.0,139705,0.0,0.0,4.549119168523427,e3b0c44298fc1c149afbf4c8996fb92427ae41e4649b934ca495991b7852b855,,d41d8cd98f00b204e9800998ecf8427e,,,ok,
20261007T042845Z,DEMO-001,encrypt,local-structured,4,False,0,44,4,0,0,0.00021609299983538222,0.0,139705,0.0,0.0,4.549119168523427,e3b0c44298fc1c149afbf4c8996fb92427ae41e4649b934ca495991b7852b855,,d41d8cd98f00b204e9800998ecf8427e,,,ok,
20261007T042845Z,DEMO-001,encrypt,local-structured,5,False,0,44,4,0,0,0.00015677899955335306,0.0,139705,0.0,0.0,4.503664623068882,e3b0c44298fc1c149afbf4c8996fb92427ae41e4649b934ca495991b7852b855,,d41d8cd98f00b204e9800998ecf8427e,,,ok,
20261007T042845Z,DEMO-001,decrypt,local-structured,0,True,44,0,4,0,0,0.00027182800022274023,0.15436846052463665,133301,0.0,4.503664623068882,0.0,e3b0c44298fc1c149afbf4c8996fb92427ae41e4649b934ca495991b7852b855,e3b0c44298fc1c149afbf4c8996fb92427ae41e4649b934ca495991b7852b855,d41d8cd98f00b204e9800998ecf8427e,d41d8cd98f00b204e9800998ecf8427e,1,ok,
20261007T042845Z,DEMO-001,decrypt,local-structured,1,False,44,0,4,0,0,0.00023007199979474535,0.18238494888256876,133221,0.0,4.503664623068882,0.0,e3b0c44298fc1c149afbf4c8996fb92427ae41e4649b934ca495991b7852b855,e3b0c44298fc1c149afbf4c8996fb92427ae41e4649b934ca495991b7852b855,d41d8cd98f00b204e9800998ecf8427e,d41d8cd98f00b204e9800998ecf8427e,1,ok,
20261007T042845Z,DEMO-001,decrypt,local-structured,2,False,44,0,4,0,0,0.0003308260002086172,0.12683909334639412,133165,0.0,4.503664623068882,0.0,e3b0c44298fc1c149afbf4c8996fb92427ae41e4649b934ca495991b7852b855,e3b0c44298fc1c149afbf4c8996fb92427ae41e4649b934ca495991b7852b855,d41d8cd98f00b204e9800998ecf8427e,d41d8cd98f00b204e9800998ecf8427e,1,ok,
20261007T042845Z,DEMO-001,decrypt,local-structured,3,False,44,0,4,0,0,0.0001798429993868922,0.2333238995397525,133109,0.0,4.503664623068882,0.0,e3b0c44298fc1c149afbf4c8996fb92427ae41e4649b934ca495991b7852b855,e3b0c44298fc1c149afbf4c8996fb92427ae41e4649b934ca495991b7852b855,d41d8cd98f00b204e9800998ecf8427e,d41d8cd98f00b204e9800998ecf8427e,1,ok,
20261007T042845Z,DEMO-001,decrypt,local-structured,4,False,44,0,4,0,0,0.00017972899968299316,0.2334718937727756,133077,0.0,4.503664623068882,0.0,e3b0c44298fc1c149afbf4c8996fb92427ae41e4649b934ca495991b7852b855,e3b0c44298fc1c149afbf4c8996fb92427ae41e4649b934ca495991b7852b855,d41d8cd98f00b204e9800998ecf8427e,d41d8cd98f00b204e9800998ecf8427e,1,ok,
20261007T042845Z,DEMO-001,decrypt,local-structured,5,False,44,0,4,0,0,0.0003004000000146334,0.13968598508598842,133069,0.0,4.503664623068882,0.0,e3b0c44298fc1c149afbf4c8996fb92427ae41e4649b934ca495991b7852b855,e3b0c44298fc1c149afbf4c8996fb92427ae41e4649b934ca495991b7852b855,d41d8cd98f00b204e9800998ecf8427e,d41d8cd98f00b204e9800998ecf8427e,1,ok,
20261007T042845Z,DEMO-002,encrypt,notebook-compatible,0,True,37,80,6,36,1,0.0004787445068359375,0.07370517928286853,138435,0.0,5.209453365628953,5.756687083026443,c33aef5769fc88357a5805ef4e4d171ce91fdacf03d93c7826a944d4a725d11b,,1762a8d30a4889479b2a50c0da1fd8b7,,,ok,
20261007T042845Z,DEMO-002,decrypt,notebook-compatible,0,True,80,37,6,36,1,0.0002262592315673828,0.33719704952581664,138577,0.0,5.656687083026442,5.209453365628953,c33aef5769fc88357a5805ef4e4d171ce91fdacf03d93c7826a944d4a725d11b,c33aef5769fc88357a5805ef4e4d171ce91fdacf03d93c7826a944d4a725d11b,1762a8d30a4889479b2a50c0da1fd8b7,1762a8d30a4889479b2a50c0da1fd8b7,1,ok,
20261007T042845Z,DEMO-002,encrypt,local-structured,0,True,37,80,6,36,1,0.0004578159996526665,0.0770745228078569,138435,0.0,5.209453365628953,5.831687083026443,c33aef5769fc88357a5805ef4e4d171ce91fdacf03d93c7826a944d4a725d11b,,1762a8d30a4889479b2a50c0da1fd8b7,,,ok,
20261007T042845Z,DEMO-002,encrypt,local-structured,1,False,37,80,6,36,1,0.0004626740001185681,0.07626525306801037,138435,0.0,5.209453365628953,5.831687083026443,c33aef5769fc88357a5805ef4e4d171ce91fdacf03d93c7826a944d4a725d11b,,1762a8d30a4889479b2a50c0da1fd8b7,,,ok,
20261007T042845Z,DEMO-002,encrypt,local-structured,2,False,37,80,6,36,1,0.00040403500042884843,0.08733389352303203,138435,0.0,5.209453365628953,5.697250989249398,c33aef5769fc88357a5805ef4e4d171ce91fdacf03d93c7826a944d4a725d11b,,1762a8d30a4889479b2a50c0da1fd8b7,,,ok,
20261007T042845Z,DEMO-002,encrypt,local-structured,3,False,37,80,6,36,1,0.0004875249996985076,0.0723777236630995,138435,0.0,5.209453365628953,5.746256247324735,c33aef5769fc88357a5805ef4e4d171ce91fdacf03d93c7826a944d4a725d11b,,1762a8d30a4889479b2a50c0da1fd8b7,,,ok,
20261007T042845Z,DEMO-002,encrypt,local-structured,4,False,37,80,6,36,1,0.00045197999952506507,0.07806971490798108,138435,0.0,5.209453365628953,5.621256247324735,c33aef5769fc88357a5805ef4e4d171ce91fdacf03d93c7826a944d4a725d11b,,1762a8d30a4889479b2a50c0da1fd8b7,,,ok,
20261007T042845Z,DEMO-002,encrypt,local-structured,5,False,37,80,6,36,1,0.0004938359998050146,0.07145276918038275,138435,0.0,5.209453365628953,5.6472509892493985,c33aef5769fc88357a5805ef4e4d171ce91fdacf03d93c7826a944d4a725d11b,,1762a8d30a4889479b2a50c0da1fd8b7,,,ok,
20261007T042845Z,DEMO-002,decrypt,local-structured,0,True,80,37,6,36,1,0.00023358700036624214,0.32661896934708856,138577,0.0,5.656687083026442,5.209453365628953,c33aef5769fc88357a5805ef4e4d171ce91fdacf03d93c7826a944d4a725d11b,c33aef5769fc88357a5805ef4e4d171ce91fdacf03d93c7826a944d4a725d11b,1762a8d30a4889479b2a50c0da1fd8b7,1762a8d30a4889479b2a50c0da1fd8b7,1,ok,
20261007T042845Z,DEMO-002,decrypt,local-structured,1,False,80,37,6,36,1,0.0002121419993272866,0.35963621326485135,138577,0.0,5.656687083026442,5.209453365628953,c33aef5769fc88357a5805ef4e4d171ce91fdacf03d93c7826a944d4a725d11b,c33aef5769fc88357a5805ef4e4d171ce91fdacf03d93c7826a944d4a725d11b,1762a8d30a4889479b2a50c0da1fd8b7,1762a8d30a4889479b2a50c0da1fd8b7,1,ok,
20261007T042845Z,DEMO-002,decrypt,local-structured,2,False,80,37,6,36,1,0.0003265530003773165,0.2336341887054964,138577,0.0,5.656687083026442,5.209453365628953,c33aef5769fc88357a5805ef4e4d171ce91fdacf03d93c7826a944d4a725d11b,c33aef5769fc88357a5805ef4e4d171ce91fdacf03d93c7826a944d4a725d11b,1762a8d30a4889479b2a50c0da1fd8b7,1762a8d30a4889479b2a50c0da1fd8b7,1,ok,
20261007T042845Z,DEMO-002,decrypt,local-structured,3,False,80,37,6,36,1,0.00027116199998999946,0.2813592808554065,138577,0.0,5.656687083026442,5.209453365628953,c33aef5769fc88357a5805ef4e4d171ce91fdacf03d93c7826a944d4a725d11b,c33aef5769fc88357a5805ef4e4d171ce91fdacf03d93c7826a944d4a725d11b,1762a8d30a4889479b2a50c0da1fd8b7,1762a8d30a4889479b2a50c0da1fd8b7,1,ok,
20261007T042845Z,DEMO-002,decrypt,local-structured,4,False,80,37,6,36,1,0.00022733900004823226,0.33559549965607954,138577,37822.9,5.656687083026442,5.209453365628953,c33aef5769fc88357a5805ef4e4d171ce91fdacf03d93c7826a944d4a725d11b,c33aef5769fc88357a5805ef4e4d171ce91fdacf03d93c7826a944d4a725d11b,1762a8d30a4889479b2a50c0da1fd8b7,1762a8d30a4889479b2a50c0da1fd8b7,1,ok,
20261007T042845Z,DEMO-002,decrypt,local-structured,5,False,80,37,6,36,1,0.00028884800030937186,0.26413181060898827,138577,0.0,5.656687083026442,5.209453365628953,c33aef5769fc88357a5805ef4e4d171ce91fdacf03d93c7826a944d4a725d11b,c33aef5769fc88357a5805ef4e4d171ce91fdacf03d93c7826a944d4a725d11b,1762a8d30a4889479b2a50c0da1fd8b7,1762a8d30a4889479b2a50c0da1fd8b7,1,ok,
20261007T042845Z,DEMO-003,encrypt,notebook-compatible,0,True,6000,6044,4,6000,0,0.0009512901306152344,6.015037593984962,197633,0.0,-0.0,0.09586603296885952,f5ddb39412a9924f220f6c16749f0ca53083cf2aa56c4e4ca3d8994141bee964,,8e22dc974d87e9792f5fbaaf04d3ffc5,,,ok,
20261007T042845Z,DEMO-003,decrypt,notebook-compatible,0,True,6044,6000,4,6000,0,0.00031065940856933594,18.554105909439755,197977,0.0,0.09685875302180458,-0.0,f5ddb39412a9924f220f6c16749f0ca53083cf2aa56c4e4ca3d8994141bee964,f5ddb39412a9924f220f6c16749f0ca53083cf2aa56c4e4ca3d8994141bee964,8e22dc974d87e9792f5fbaaf04d3ffc5,8e22dc974d87e9792f5fbaaf04d3ffc5,1,ok,
20261007T042845Z,DEMO-003,encrypt,local-structured,0,True,6000,6044,4,6000,0,0.00077493000026152,7.383951965347126,197633,0.0,-0.0,0.09484026676432282,f5ddb39412a9924f220f6c16749f0ca53083cf2aa56c4e4ca3d8994141bee964,,8e22dc974d87e9792f5fbaaf04d3ffc5,,,ok,
20261007T042845Z,DEMO-003,encrypt,local-structured,1,False,6000,6044,4,6000,0,0.0004968839994035079,11.515858641668112,197633,0.0,-0.0,0.09685875302180458,f5ddb39412a9924f220f6c16749f0ca53083cf2aa56c4e4ca3d8994141bee964,,8e22dc974d87e9792f5fbaaf04d3ffc5,,,ok,
20261007T042845Z,DEMO-003,encrypt,local-structured,2,False,6000,6044,4,6000,0,0.00046415299948421307,12.327930455681823,197633,0.0,-0.0,0.09718965970611959,f5ddb39412a9924f220f6c16749f0ca53083cf2aa56c4e4ca3d8994141bee964,,8e22dc974d87e9792f5fbaaf04d3ffc5,,,ok,
20261007T042845Z,DEMO-003,encrypt,local-structured,3,False,6000,6044,4,6000,0,0.0004410960000313935,12.972336856444523,197633,0.0,-0.0,0.0971896597061196,f5ddb39412a9924f220f6c16749f0ca53083cf2aa56c4e4ca3d8994141bee964,,8e22dc974d87e9792f5fbaaf04d3ffc5,,,ok,
20261007T042845Z,DEMO-003,encrypt,local-structured,4,False,6000,6044,4,6000,0,0.0004785900000570109,11.95604985009272,197633,0.0,-0.0,0.09619693965317452,f5ddb39412a9924f220f6c16749f0ca53083cf2aa56c4e4ca3d8994141bee964,,8e22dc974d87e9792f5fbaaf04d3ffc5,,,ok,
20261007T042845Z,DEMO-003,encrypt,local-structured,5,False,6000,6044,4,6000,0,0.0007812120002199663,7.324575015266459,197633,0.0,-0.0,0.09619693965317452,f5ddb39412a9924f220f6c16749f0ca53083cf2aa56c4e4ca3d8994141bee964,,8e22dc974d87e9792f5fbaaf04d3ffc5,,,ok,
20261007T042845Z,DEMO-003,decrypt,local-structured,0,True,6044,6000,4,6000,0,0.00027544700060389005,20.92601319209272,197977,0.0,0.09685875302180458,-0.0,f5ddb39412a9924f220f6c16749f0ca53083cf2aa56c4e4ca3d8994141bee964,f5ddb39412a9924f220f6c16749f0ca53083cf2aa56c4e4ca3d8994141bee964,8e22dc974d87e9792f5fbaaf04d3ffc5,8e22dc974d87e9792f5fbaaf04d3ffc5,1,ok,
20261007T042845Z,DEMO-003,decrypt,local-structured,1,False,6044,6000,4,6000,0,0.00025347399969177786,22.74003477819562,197977,0.0,0.09685875302180458,-0.0,f5ddb39412a9924f220f6c16749f0ca53083cf2aa56c4e4ca3d8994141bee964,f5ddb39412a9924f220f6c16749f0ca53083cf2aa56c4e4ca3d8994141bee964,8e22dc974d87e9792f5fbaaf04d3ffc5,8e22dc974d87e9792f5fbaaf04d3ffc5,1,ok,
20261007T042845Z,DEMO-003,decrypt,local-structured,2,False,6044,6000,4,6000,0,0.00031854700046096696,18.094684803241982,198041,0.0,0.09685875302180458,-0.0,f5ddb39412a9924f220f6c16749f0ca53083cf2aa56c4e4ca3d8994141bee964,f5ddb39412a9924f220f6c16749f0ca53083cf2aa56c4e4ca3d8994141bee964,8e22dc974d87e9792f5fbaaf04d3ffc5,8e22dc974d87e9792f5fbaaf04d3ffc5,1,ok,
20261007T042845Z,DEMO-003,decrypt,local-structured,3,False,6044,6000,4,6000,0,0.00026623600024322513,21.64999310045806,198041,0.0,0.09685875302180458,-0.0,f5ddb39412a9924f220f6c16749f0ca53083cf2aa56c4e4ca3d8994141bee964,f5ddb39412a9924f220f6c16749f0ca53083cf2aa56c4e4ca3d8994141bee964,8e22dc974d87e9792f5fbaaf04d3ffc5,8e22dc974d87e9792f5fbaaf04d3ffc5,1,ok,
20261007T042845Z,DEMO-003,decrypt,local-structured,4,False,6044,6000,4,6000,0,0.00029630199969687965,19.45315108995559,198041,0.0,0.09685875302180458,-0.0,f5ddb39412a9924f220f6c16749f0ca53083cf2aa56c4e4ca3d8994141bee964,f5ddb39412a9924f220f6c16749f0ca53083cf2aa56c4e4ca3d8994141bee964,8e22dc974d87e9792f5fbaaf04d3ffc5,8e22dc974d87e9792f5fbaaf04d3ffc5,1,ok,
20261007T042845Z,DEMO-003,decrypt,local-structured,5,False,6044,6000,4,6000,0,0.00027498700001160614,20.96101840492859,198041,0.0,0.09685875302180458,-0.0,f5ddb39412a9924f220f6c16749f0ca53083cf2aa56c4e4ca3d8994141bee964,f5ddb39412a9924f220f6c16749f0ca53083cf2aa56c4e4ca3d8994141bee964,8e22dc974d87e9792f5fbaaf04d3ffc5,8e22dc974d87e9792f5fbaaf04d3ffc5,1,ok,
20261007T042845Z,DEMO-004,encrypt,notebook-compatible,0,True,5984,6026,6,5982,2,0.0005538463592529297,10.303917348256565,197681,0.0,5.043948401398892,5.091596702861374,b6491bb4c72aa3c5a0ec4b3ee7e2f93a360f98b7f2dfeb58a887228803920890,,fcbf0427de5f85808fecb3400831cfd4,,,ok,
20261007T042845Z,DEMO-004,decrypt,notebook-compatible,0,True,6026,5984,6,5982,2,0.00033855438232421875,16.974647887323943,198101,0.0,5.0993559468964875,5.043948401398892,b6491bb4c72aa3c5a0ec4b3ee7e2f93a360f98b7f2dfeb58a887228803920890,b6491bb4c72aa3c5a0ec4b3ee7e2f93a360f98b7f2dfeb58a887228803920890,fcbf0427de5f85808fecb3400831cfd4,fcbf0427de5f85808fecb3400831cfd4,1,ok,
20261007T042845Z,DEMO-004,encrypt,local-structured,0,True,5984,6026,6,5982,2,0.000571501000194985,9.985611761708126,197681,0.0,5.043948401398892,5.097676523102323,b6491bb4c72aa3c5a0ec4b3ee7e2f93a360f98b7f2dfeb58a887228803920890,,fcbf0427de5f85808fecb3400831cfd4,,,ok,
20261007T042845Z,DEMO-004,encrypt,local-structured,1,False,5984,6026,6,5982,2,0.0005861429999640677,9.73616866485626,197681,0.0,5.043948401398892,5.097344017295567,b6491bb4c72aa3c5a0ec4b3ee7e2f93a360f98b7f2dfeb58a887228803920890,,fcbf0427de5f85808fecb3400831cfd4,,,ok,
20261007T042845Z,DEMO-004,encrypt,local-structured,2,False,5984,6026,6,5982,2,0.0005307389992594835,10.752530184021573,197681,0.0,5.043948401398892,5.09566494119471,b6491bb4c72aa3c5a0ec4b3ee7e2f93a360f98b7f2dfeb58a887228803920890,,fcbf0427de5f85808fecb3400831cfd4,,,ok,
20261007T042845Z,DEMO-004,encrypt,local-structured,3,False,5984,6026,6,5982,2,0.000721283000530093,7.911994467055105,197681,0.0,5.043948401398892,5.099212637108792,b6491bb4c72aa3c5a0ec4b3ee7e2f93a360f98b7f2dfeb58a887228803920890,,fcbf0427de5f85808fecb3400831cfd4,,,ok,
20261007T042845Z,DEMO-004,encrypt,local-structured,4,False,5984,6026,6,5982,2,0.001126539999859233,5.065765183737899,197681,0.0,5.043948401398892,5.093464139518939,b6491bb4c72aa3c5a0ec4b3ee7e2f93a360f98b7f2dfeb58a887228803920890,,fcbf0427de5f85808fecb3400831cfd4,,,ok,
20261007T042845Z,DEMO-004,encrypt,local-structured,5,False,5984,6026,6,5982,2,0.0006867330002933159,8.31005224292051,197681,0.0,5.043948401398892,5.091107241164231,b6491bb4c72aa3c5a0ec4b3ee7e2f93a360f98b7f2dfeb58a887228803920890,,fcbf0427de5f85808fecb3400831cfd4,,,ok,
20261007T042845Z,DEMO-004,decrypt,local-structured,0,True,6026,5984,6,5982,2,0.001191516999824671,4.823130036339974,198101,0.0,5.0993559468964875,5.043948401398892,b6491bb4c72aa3c5a0ec4b3ee7e2f93a360f98b7f2dfeb58a887228803920890,b6491bb4c72aa3c5a0ec4b3ee7e2f93a360f98b7f2dfeb58a887228803920890,fcbf0427de5f85808fecb3400831cfd4,fcbf0427de5f85808fecb3400831cfd4,1,ok,
20261007T042845Z,DEMO-004,decrypt,local-structured,1,False,6026,5984,6,5982,2,0.0005333320004865527,10.775354611051435,198101,0.0,5.0993559468964875,5.043948401398892,b6491bb4c72aa3c5a0ec4b3ee7e2f93a360f98b7f2dfeb58a887228803920890,b6491bb4c72aa3c5a0ec4b3ee7e2f93a360f98b7f2dfeb58a887228803920890,fcbf0427de5f85808fecb3400831cfd4,fcbf0427de5f85808fecb3400831cfd4,1,ok,
20261007T042845Z,DEMO-004,decrypt,local-structured,2,False,6026,5984,6,5982,2,0.0005477770000652527,10.491206147719753,198101,0.0,5.0993559468964875,5.043948401398892,b6491bb4c72aa3c5a0ec4b3ee7e2f93a360f98b7f2dfeb58a887228803920890,b6491bb4c72aa3c5a0ec4b3ee7e2f93a360f98b7f2dfeb58a887228803920890,fcbf0427de5f85808fecb3400831cfd4,fcbf0427de5f85808fecb3400831cfd4,1,ok,
20261007T042845Z,DEMO-004,decrypt,local-structured,3,False,6026,5984,6,5982,2,0.0004888110006504576,11.756775978889138,198101,0.0,5.0993559468964875,5.043948401398892,b6491bb4c72aa3c5a0ec4b3ee7e2f93a360f98b7f2dfeb58a887228803920890,b6491bb4c72aa3c5a0ec4b3ee7e2f93a360f98b7f2dfeb58a887228803920890,fcbf0427de5f85808fecb3400831cfd4,fcbf0427de5f85808fecb3400831cfd4,1,ok,
20261007T042845Z,DEMO-004,decrypt,local-structured,4,False,6026,5984,6,5982,2,0.0004863679996560677,11.815829649006325,198101,0.0,5.0993559468964875,5.043948401398892,b6491bb4c72aa3c5a0ec4b3ee7e2f93a360f98b7f2dfeb58a887228803920890,b6491bb4c72aa3c5a0ec4b3ee7e2f93a360f98b7f2dfeb58a887228803920890,fcbf0427de5f85808fecb3400831cfd4,fcbf0427de5f85808fecb3400831cfd4,1,ok,
20261007T042845Z,DEMO-004,decrypt,local-structured,5,False,6026,5984,6,5982,2,0.00045254499946167925,12.698939193892684,198101,0.0,5.0993559468964875,5.043948401398892,b6491bb4c72aa3c5a0ec4b3ee7e2f93a360f98b7f2dfeb58a887228803920890,b6491bb4c72aa3c5a0ec4b3ee7e2f93a360f98b7f2dfeb58a887228803920890,fcbf0427de5f85808fecb3400831cfd4,fcbf0427de5f85808fecb3400831cfd4,1,ok,
20261007T042845Z,DEMO-005,encrypt,notebook-compatible,0,True,100000,100040,12,99996,4,0.004529476165771484,21.054847878724075,1138689,0.0,7.998228743379484,7.998210042605378,2e4b55ced5b14b3a9e35a3881c570f3b807dfd629ce9fe38092f0b121ea72e9c,,1c303f676174fbb3e225b1f25e72478c,,,ok,
20261007T042845Z,DEMO-005,decrypt,notebook-compatible,0,True,100040,100000,12,99996,4,0.003049135208129883,31.289389318945968,1139537,0.0,7.998213609285383,7.998228743379484,2e4b55ced5b14b3a9e35a3881c570f3b807dfd629ce9fe38092f0b121ea72e9c,2e4b55ced5b14b3a9e35a3881c570f3b807dfd629ce9fe38092f0b121ea72e9c,1c303f676174fbb3e225b1f25e72478c,1c303f676174fbb3e225b1f25e72478c,1,ok,
20261007T042845Z,DEMO-005,encrypt,local-structured,0,True,100000,100040,12,99996,4,0.004226080999615078,22.566399377889656,1138689,0.0,7.998228743379484,7.998210824471283,2e4b55ced5b14b3a9e35a3881c570f3b807dfd629ce9fe38092f0b121ea72e9c,,1c303f676174fbb3e225b1f25e72478c,,,ok,
20261007T042845Z,DEMO-005,encrypt,local-structured,1,False,100000,100040,12,99996,4,0.004137203999562189,23.051179407811908,1138689,0.0,7.998228743379484,7.9982188566112296,2e4b55ced5b14b3a9e35a3881c570f3b807dfd629ce9fe38092f0b121ea72e9c,,1c303f676174fbb3e225b1f25e72478c,,,ok,
20261007T042845Z,DEMO-005,encrypt,local-structured,2,False,100000,100040,12,99996,4,0.004039755000121659,23.607231536999887,1138689,0.0,7.998228743379484,7.998214373871648,2e4b55ced5b14b3a9e35a3881c570f3b807dfd629ce9fe38092f0b121ea72e9c,,1c303f676174fbb3e225b1f25e72478c,,,ok,
20261007T042845Z,DEMO-005,encrypt,local-structured,3,False,100000,100040,12,99996,4,0.0040316479999091825,23.65470190918782,1138689,0.0,7.998228743379484,7.998213482690297,2e4b55ced5b14b3a9e35a3881c570f3b807dfd629ce9fe38092f0b121ea72e9c,,1c303f676174fbb3e225b1f25e72478c,,,ok,
20261007T042845Z,DEMO-005,encrypt,local-structured,4,False,100000,100040,12,99996,4,0.003320167000310903,28.72368517357552,1138689,0.0,7.998228743379484,7.998221739444878,2e4b55ced5b14b3a9e35a3881c570f3b807dfd629ce9fe38092f0b121ea72e9c,,1c303f676174fbb3e225b1f25e72478c,,,ok,
20261007T042845Z,DEMO-005,encrypt,local-structured,5,False,100000,100040,12,99996,4,0.0023850320003475645,39.985808000365346,1138689,0.0,7.998228743379484,7.9982163190520765,2e4b55ced5b14b3a9e35a3881c570f3b807dfd629ce9fe38092f0b121ea72e9c,,1c303f676174fbb3e225b1f25e72478c,,,ok,
20261007T042845Z,DEMO-005,decrypt,local-structured,0,True,100040,100000,12,99996,4,0.001549366999824997,61.577133515853525,1139537,0.0,7.998213609285383,7.998228743379484,2e4b55ced5b14b3a9e35a3881c570f3b807dfd629ce9fe38092f0b121ea72e9c,2e4b55ced5b14b3a9e35a3881c570f3b807dfd629ce9fe38092f0b121ea72e9c,1c303f676174fbb3e225b1f25e72478c,1c303f676174fbb3e225b1f25e72478c,1,ok,
20261007T042845Z,DEMO-005,decrypt,local-structured,1,False,100040,100000,12,99996,4,0.0024640169995109318,38.71952938320545,1139537,0.0,7.998213609285383,7.998228743379484,2e4b55ced5b14b3a9e35a3881c570f3b807dfd629ce9fe38092f0b121ea72e9c,2e4b55ced5b14b3a9e35a3881c570f3b807dfd629ce9fe38092f0b121ea72e9c,1c303f676174fbb3e225b1f25e72478c,1c303f676174fbb3e225b1f25e72478c,1,ok,
20261007T042845Z,DEMO-005,decrypt,local-structured,2,False,100040,100000,12,99996,4,0.0017528460002722568,54.428956450516814,1139537,0.0,7.998213609285383,7.998228743379484,2e4b55ced5b14b3a9e35a3881c570f3b807dfd629ce9fe38092f0b121ea72e9c,2e4b55ced5b14b3a9e35a3881c570f3b807dfd629ce9fe38092f0b121ea72e9c,1c303f676174fbb3e225b1f25e72478c,1c303f676174fbb3e225b1f25e72478c,1,ok,
20261007T042845Z,DEMO-005,decrypt,local-structured,3,False,100040,100000,12,99996,4,0.003120559000308276,30.573233386664455,1139537,0.0,7.998213609285383,7.998228743379484,2e4b55ced5b14b3a9e35a3881c570f3b807dfd629ce9fe38092f0b121ea72e9c,2e4b55ced5b14b3a9e35a3881c570f3b807dfd629ce9fe38092f0b121ea72e9c,1c303f676174fbb3e225b1f25e72478c,1c303f676174fbb3e225b1f25e72478c,1,ok,
20261007T042845Z,DEMO-005,decrypt,local-structured,4,False,100040,100000,12,99996,4,0.0017965630004255218,53.10449930822583,1139537,0.0,7.998213609285383,7.998228743379484,2e4b55ced5b14b3a9e35a3881c570f3b807dfd629ce9fe38092f0b121ea72e9c,2e4b55ced5b14b3a9e35a3881c570f3b807dfd629ce9fe38092f0b121ea72e9c,1c303f676174fbb3e225b1f25e72478c,1c303f676174fbb3e225b1f25e72478c,1,ok,
20261007T042845Z,DEMO-005,decrypt,local-structured,5,False,100040,100000,12,99996,4,0.0017472009994889959,54.60481000250374,1139537,0.0,7.998213609285383,7.998228743379484,2e4b55ced5b14b3a9e35a3881c570f3b807dfd629ce9fe38092f0b121ea72e9c,2e4b55ced5b14b3a9e35a3881c570f3b807dfd629ce9fe38092f0b121ea72e9c,1c303f676174fbb3e225b1f25e72478c,1c303f676174fbb3e225b1f25e72478c,1,ok,
20261007T042845Z,DEMO-006,encrypt,notebook-compatible,0,True,600000,600044,24,600000,0,0.011690616607666016,48.94562956316025,6142177,0.0,7.739479091546917,7.739513934149056,fdf54a6e3a21108278d1734ba325d7b42901c3ea4a5f63f9dd3bc870cafb4055,,2b29de25c136673f37362194116c2e0c,,,ok,
20261007T042845Z,DEMO-006,decrypt,notebook-compatible,0,True,600044,600000,24,600000,0,0.013658761978149414,41.89593115606836,6144761,0.0,7.739514956277393,7.739479091546917,fdf54a6e3a21108278d1734ba325d7b42901c3ea4a5f63f9dd3bc870cafb4055,fdf54a6e3a21108278d1734ba325d7b42901c3ea4a5f63f9dd3bc870cafb4055,2b29de25c136673f37362194116c2e0c,2b29de25c136673f37362194116c2e0c,1,ok,
20261007T042845Z,DEMO-006,encrypt,local-structured,0,True,600000,600044,24,600000,0,0.014912206000190054,38.37155883150067,6142177,0.0,7.739479091546917,7.739514120566992,fdf54a6e3a21108278d1734ba325d7b42901c3ea4a5f63f9dd3bc870cafb4055,,2b29de25c136673f37362194116c2e0c,,,ok,
20261007T042845Z,DEMO-006,encrypt,local-structured,1,False,600000,600044,24,600000,0,0.013175967000279343,43.42790095266774,6142177,0.0,7.739479091546917,7.739507929695294,fdf54a6e3a21108278d1734ba325d7b42901c3ea4a5f63f9dd3bc870cafb4055,,2b29de25c136673f37362194116c2e0c,,,ok,
20261007T042845Z,DEMO-006,encrypt,local-structured,2,False,600000,600044,24,600000,0,0.012072393000380544,47.39777688033458,6142177,0.0,7.739479091546917,7.7395061010152615,fdf54a6e3a21108278d1734ba325d7b42901c3ea4a5f63f9dd3bc870cafb4055,,2b29de25c136673f37362194116c2e0c,,,ok,
20261007T042845Z,DEMO-006,encrypt,local-structured,3,False,600000,600044,24,600000,0,0.015006154999355203,38.13132610374456,6142177,0.0,7.739479091546917,7.739513326840434,fdf54a6e3a21108278d1734ba325d7b42901c3ea4a5f63f9dd3bc870cafb4055,,2b29de25c136673f37362194116c2e0c,,,ok,
20261007T042845Z,DEMO-006,encrypt,local-structured,4,False,600000,600044,24,600000,0,0.014647701999820129,39.06446143229679,6142177,0.0,7.739479091546917,7.73951310487007,fdf54a6e3a21108278d1734ba325d7b42901c3ea4a5f63f9dd3bc870cafb4055,,2b29de25c136673f37362194116c2e0c,,,ok,
20261007T042845Z,DEMO-006,encrypt,local-structured,5,False,600000,600044,24,600000,0,0.01497707199996512,38.20537083917889,6142177,0.0,7.739479091546917,7.739509227226084,fdf54a6e3a21108278d1734ba325d7b42901c3ea4a5f63f9dd3bc870cafb4055,,2b29de25c136673f37362194116c2e0c,,,ok,
20261007T042845Z,DEMO-006,decrypt,local-structured,0,True,600044,600000,24,600000,0,0.011665655000797415,49.053958091042084,6144761,0.0,7.739514956277393,7.739479091546917,fdf54a6e3a21108278d1734ba325d7b42901c3ea4a5f63f9dd3bc870cafb4055,fdf54a6e3a21108278d1734ba325d7b42901c3ea4a5f63f9dd3bc870cafb4055,2b29de25c136673f37362194116c2e0c,2b29de25c136673f37362194116c2e0c,1,ok,
20261007T042845Z,DEMO-006,decrypt,local-structured,1,False,600044,600000,24,600000,0,0.012539364000076603,45.63601084633766,6144761,0.0,7.739514956277393,7.739479091546917,fdf54a6e3a21108278d1734ba325d7b42901c3ea4a5f63f9dd3bc870cafb4055,fdf54a6e3a21108278d1734ba325d7b42901c3ea4a5f63f9dd3bc870cafb4055,2b29de25c136673f37362194116c2e0c,2b29de25c136673f37362194116c2e0c,1,ok,
20261007T042845Z,DEMO-006,decrypt,local-structured,2,False,600044,600000,24,600000,0,0.011213912999664899,51.03005093144312,6144761,0.0,7.739514956277393,7.739479091546917,fdf54a6e3a21108278d1734ba325d7b42901c3ea4a5f63f9dd3bc870cafb4055,fdf54a6e3a21108278d1734ba325d7b42901c3ea4a5f63f9dd3bc870cafb4055,2b29de25c136673f37362194116c2e0c,2b29de25c136673f37362194116c2e0c,1,ok,
20261007T042845Z,DEMO-006,decrypt,local-structured,3,False,600044,600000,24,600000,0,0.011579749000702577,49.41787179315821,6144761,0.0,7.739514956277393,7.739479091546917,fdf54a6e3a21108278d1734ba325d7b42901c3ea4a5f63f9dd3bc870cafb4055,fdf54a6e3a21108278d1734ba325d7b42901c3ea4a5f63f9dd3bc870cafb4055,2b29de25c136673f37362194116c2e0c,2b29de25c136673f37362194116c2e0c,1,ok,
20261007T042845Z,DEMO-006,decrypt,local-structured,4,False,600044,600000,24,600000,0,0.01617087399972661,35.38748440704853,6144761,0.0,7.739514956277393,7.739479091546917,fdf54a6e3a21108278d1734ba325d7b42901c3ea4a5f63f9dd3bc870cafb4055,fdf54a6e3a21108278d1734ba325d7b42901c3ea4a5f63f9dd3bc870cafb4055,2b29de25c136673f37362194116c2e0c,2b29de25c136673f37362194116c2e0c,1,ok,
20261007T042845Z,DEMO-006,decrypt,local-structured,5,False,600044,600000,24,600000,0,0.013312156000210962,42.98676724526089,6144761,0.0,7.739514956277393,7.739479091546917,fdf54a6e3a21108278d1734ba325d7b42901c3ea4a5f63f9dd3bc870cafb4055,fdf54a6e3a21108278d1734ba325d7b42901c3ea4a5f63f9dd3bc870cafb4055,2b29de25c136673f37362194116c2e0c,2b29de25c136673f37362194116c2e0c,1,ok,
20261007T042845Z,DEMO-007,encrypt,notebook-compatible,0,True,486,530,6,486,0,0.0005788803100585938,0.800658978583196,144181,0.0,6.601590932696002,6.685010611085726,c28c253738d9be21167fadd1d88f386f813fca687660cbd72938635bb6eedcb2,,d6cc5a55204734d703f58987450de8a4,,,ok,
20261007T042845Z,DEMO-007,decrypt,notebook-compatible,0,True,530,486,6,486,0,0.0002682209014892578,1.8844444444444444,143141,0.0,6.633920853540825,6.601590932696002,c28c253738d9be21167fadd1d88f386f813fca687660cbd72938635bb6eedcb2,c28c253738d9be21167fadd1d88f386f813fca687660cbd72938635bb6eedcb2,d6cc5a55204734d703f58987450de8a4,d6cc5a55204734d703f58987450de8a4,1,ok,
20261007T042845Z,DEMO-007,encrypt,local-structured,0,True,486,530,6,486,0,0.0009356329992442625,0.4953712814188984,144181,0.0,6.601590932696002,6.690001871450383,c28c253738d9be21167fadd1d88f386f813fca687660cbd72938635bb6eedcb2,,d6cc5a55204734d703f58987450de8a4,,,ok,
20261007T042845Z,DEMO-007,encrypt,local-structured,1,False,486,530,6,486,0,0.0006416480000552838,0.7223364176830661,144181,0.0,6.601590932696002,6.675016694867306,c28c253738d9be21167fadd1d88f386f813fca687660cbd72938635bb6eedcb2,,d6cc5a55204734d703f58987450de8a4,,,ok,
20261007T042845Z,DEMO-007,encrypt,local-structured,2,False,486,530,6,486,0,0.0014408770002773963,0.321669176261546,144181,0.0,6.601590932696002,6.670446158286985,c28c253738d9be21167fadd1d88f386f813fca687660cbd72938635bb6eedcb2,,d6cc5a55204734d703f58987450de8a4,,,ok,
20261007T042845Z,DEMO-007,encrypt,local-structured,3,False,486,530,6,486,0,0.0006671929995718529,0.6946801271459125,144181,0.0,6.601590932696002,6.647248724936354,c28c253738d9be21167fadd1d88f386f813fca687660cbd72938635bb6eedcb2,,d6cc5a55204734d703f58987450de8a4,,,ok,
20261007T042845Z,DEMO-007,encrypt,local-structured,4,False,486,530,6,486,0,0.0006078540000089561,0.7624951349610409,144181,0.0,6.601590932696002,6.657615005474037,c28c253738d9be21167fadd1d88f386f813fca687660cbd72938635bb6eedcb2,,d6cc5a55204734d703f58987450de8a4,,,ok,
20261007T042845Z,DEMO-007,encrypt,local-structured,5,False,486,530,6,486,0,0.0005629709994536825,0.823285245995287,144181,0.0,6.601590932696002,6.653318664893028,c28c253738d9be21167fadd1d88f386f813fca687660cbd72938635bb6eedcb2,,d6cc5a55204734d703f58987450de8a4,,,ok,
20261007T042845Z,DEMO-007,decrypt,local-structured,0,True,530,486,6,486,0,0.00021289899996190798,2.374118186491,143141,0.0,6.633920853540825,6.601590932696002,c28c253738d9be21167fadd1d88f386f813fca687660cbd72938635bb6eedcb2,c28c253738d9be21167fadd1d88f386f813fca687660cbd72938635bb6eedcb2,d6cc5a55204734d703f58987450de8a4,d6cc5a55204734d703f58987450de8a4,1,ok,
20261007T042845Z,DEMO-007,decrypt,local-structured,1,False,530,486,6,486,0,0.00030941299974074354,1.6335686868968846,143141,0.0,6.633920853540825,6.601590932696002,c28c253738d9be21167fadd1d88f386f813fca687660cbd72938635bb6eedcb2,c28c253738d9be21167fadd1d88f386f813fca687660cbd72938635bb6eedcb2,d6cc5a55204734d703f58987450de8a4,d6cc5a55204734d703f58987450de8a4,1,ok,
20261007T042845Z,DEMO-007,decrypt,local-structured,2,False,530,486,6,486,0,0.00022913999964657705,2.2058452844326997,143141,0.0,6.633920853540825,6.601590932696002,c28c253738d9be21167fadd1d88f386f813fca687660cbd72938635bb6eedcb2,c28c253738d9be21167fadd1d88f386f813fca687660cbd72938635bb6eedcb2,d6cc5a55204734d703f58987450de8a4,d6cc5a55204734d703f58987450de8a4,1,ok,
20261007T042845Z,DEMO-007,decrypt,local-structured,3,False,530,486,6,486,0,0.0002271270004712278,2.2253954247916115,143141,0.0,6.633920853540825,6.601590932696002,c28c253738d9be21167fadd1d88f386f813fca687660cbd72938635bb6eedcb2,c28c253738d9be21167fadd1d88f386f813fca687660cbd72938635bb6eedcb2,d6cc5a55204734d703f58987450de8a4,d6cc5a55204734d703f58987450de8a4,1,ok,
20261007T042845Z,DEMO-007,decrypt,local-structured,4,False,530,486,6,486,0,0.00020947699977114098,2.4129015989704206,143141,0.0,6.633920853540825,6.601590932696002,c28c253738d9be21167fadd1d88f386f813fca687660cbd72938635bb6eedcb2,c28c253738d9be21167fadd1d88f386f813fca687660cbd72938635bb6eedcb2,d6cc5a55204734d703f58987450de8a4,d6cc5a55204734d703f58987450de8a4,1,ok,
20261007T042845Z,DEMO-007,decrypt,local-structured,5,False,530,486,6,486,0,0.00021484099943336332,2.3526579611359786,143141,0.0,6.633920853540825,6.601590932696002,c28c253738d9be21167fadd1d88f386f813fca687660cbd72938635bb6eedcb2,c28c253738d9be21167fadd1d88f386f813fca687660cbd72938635bb6eedcb2,d6cc5a55204734d703f58987450de8a4,d6cc5a55204734d703f58987450de8a4,1,ok,
20261007T042845Z,DEMO-008,encrypt,notebook-compatible,0,True,5200000,5200044,48,5199984,16,0.2505533695220947,19.792615261057936,52155873,0.0,7.999966258567109,7.999966253222295,043d39048eaade3a19ad2c5c826bc898595f6d7a21dbf1b957ec0ad9b6a0fa2b,,fc63da63ccae5d5a06102fb115a2bd3a,,,ok,
20261007T042845Z,DEMO-008,decrypt,notebook-compatible,0,True,5200044,5200000,48,5199984,16,0.21272587776184082,23.312388972885007,52165369,0.0,7.999966269000995,7.999966258567109,043d39048eaade3a19ad2c5c826bc898595f6d7a21dbf1b957ec0ad9b6a0fa2b,043d39048eaade3a19ad2c5c826bc898595f6d7a21dbf1b957ec0ad9b6a0fa2b,fc63da63ccae5d5a06102fb115a2bd3a,fc63da63ccae5d5a06102fb115a2bd3a,1,ok,
20261007T042845Z,DEMO-008,encrypt,local-structured,0,True,5200000,5200044,48,5199984,16,0.2667084499998964,18.593735763956584,52155873,0.0,7.999966258567109,7.999966232102929,043d39048eaade3a19ad2c5c826bc898595f6d7a21dbf1b957ec0ad9b6a0fa2b,,fc63da63ccae5d5a06102fb115a2bd3a,,,ok,
20261007T042845Z,DEMO-008,encrypt,local-structured,1,False,5200000,5200044,48,5199984,16,0.23269587199956732,21.311535966232015,52155873,0.0,7.999966258567109,7.999966261187328,043d39048eaade3a19ad2c5c826bc898595f6d7a21dbf1b957ec0ad9b6a0fa2b,,fc63da63ccae5d5a06102fb115a2bd3a,,,ok,
20261007T042845Z,DEMO-008,encrypt,local-structured,2,False,5200000,5200044,48,5199984,16,0.2516735429999244,19.704520332969565,52155873,0.0,7.999966258567109,7.999966270219318,043d39048eaade3a19ad2c5c826bc898595f6d7a21dbf1b957ec0ad9b6a0fa2b,,fc63da63ccae5d5a06102fb115a2bd3a,,,ok,
20261007T042845Z,DEMO-008,encrypt,local-structured,3,False,5200000,5200044,48,5199984,16,0.23717762799969933,20.90882891078912,52155873,0.0,7.999966258567109,7.999966278440608,043d39048eaade3a19ad2c5c826bc898595f6d7a21dbf1b957ec0ad9b6a0fa2b,,fc63da63ccae5d5a06102fb115a2bd3a,,,ok,
20261007T042845Z,DEMO-008,encrypt,local-structured,4,False,5200000,5200044,48,5199984,16,0.3884793429997444,12.765431507939311,52155873,0.0,7.999966258567109,7.9999662787067924,043d39048eaade3a19ad2c5c826bc898595f6d7a21dbf1b957ec0ad9b6a0fa2b,,fc63da63ccae5d5a06102fb115a2bd3a,,,ok,
20261007T042845Z,DEMO-008,encrypt,local-structured,5,False,5200000,5200044,48,5199984,16,0.6384051340000951,7.767961410710963,52155873,0.0,7.999966258567109,7.999966282923309,043d39048eaade3a19ad2c5c826bc898595f6d7a21dbf1b957ec0ad9b6a0fa2b,,fc63da63ccae5d5a06102fb115a2bd3a,,,ok,
20261007T042845Z,DEMO-008,decrypt,local-structured,0,True,5200044,5200000,48,5199984,16,0.21284061900041706,23.299821388758055,52165369,0.0,7.999966269000995,7.999966258567109,043d39048eaade3a19ad2c5c826bc898595f6d7a21dbf1b957ec0ad9b6a0fa2b,043d39048eaade3a19ad2c5c826bc898595f6d7a21dbf1b957ec0ad9b6a0fa2b,fc63da63ccae5d5a06102fb115a2bd3a,fc63da63ccae5d5a06102fb115a2bd3a,1,ok,
20261007T042845Z,DEMO-008,decrypt,local-structured,1,False,5200044,5200000,48,5199984,16,0.20545043099991744,24.137931387373992,52165369,0.0,7.999966269000995,7.999966258567109,043d39048eaade3a19ad2c5c826bc898595f6d7a21dbf1b957ec0ad9b6a0fa2b,043d39048eaade3a19ad2c5c826bc898595f6d7a21dbf1b957ec0ad9b6a0fa2b,fc63da63ccae5d5a06102fb115a2bd3a,fc63da63ccae5d5a06102fb115a2bd3a,1,ok,
20261007T042845Z,DEMO-008,decrypt,local-structured,2,False,5200044,5200000,48,5199984,16,0.23634793200017157,20.982406594439006,52165369,0.0,7.999966269000995,7.999966258567109,043d39048eaade3a19ad2c5c826bc898595f6d7a21dbf1b957ec0ad9b6a0fa2b,043d39048eaade3a19ad2c5c826bc898595f6d7a21dbf1b957ec0ad9b6a0fa2b,fc63da63ccae5d5a06102fb115a2bd3a,fc63da63ccae5d5a06102fb115a2bd3a,1,ok,
20261007T042845Z,DEMO-008,decrypt,local-structured,3,False,5200044,5200000,48,5199984,16,0.4845522790001269,10.234496094447476,52165369,0.0,7.999966269000995,7.999966258567109,043d39048eaade3a19ad2c5c826bc898595f6d7a21dbf1b957ec0ad9b6a0fa2b,043d39048eaade3a19ad2c5c826bc898595f6d7a21dbf1b957ec0ad9b6a0fa2b,fc63da63ccae5d5a06102fb115a2bd3a,fc63da63ccae5d5a06102fb115a2bd3a,1,ok,
20261007T042845Z,DEMO-008,decrypt,local-structured,4,False,5200044,5200000,48,5199984,16,0.2882097169995177,17.206735631993702,52165369,0.0,7.999966269000995,7.999966258567109,043d39048eaade3a19ad2c5c826bc898595f6d7a21dbf1b957ec0ad9b6a0fa2b,043d39048eaade3a19ad2c5c826bc898595f6d7a21dbf1b957ec0ad9b6a0fa2b,fc63da63ccae5d5a06102fb115a2bd3a,fc63da63ccae5d5a06102fb115a2bd3a,1,ok,
20261007T042845Z,DEMO-008,decrypt,local-structured,5,False,5200044,5200000,48,5199984,16,0.23121785600051226,21.447947372072488,52165369,0.0,7.999966269000995,7.999966258567109,043d39048eaade3a19ad2c5c826bc898595f6d7a21dbf1b957ec0ad9b6a0fa2b,043d39048eaade3a19ad2c5c826bc898595f6d7a21dbf1b957ec0ad9b6a0fa2b,fc63da63ccae5d5a06102fb115a2bd3a,fc63da63ccae5d5a06102fb115a2bd3a,1,ok,
20261007T042845Z,DEMO-009,encrypt,notebook-compatible,0,True,100000,100044,8,100000,0,0.001981973648071289,48.11740647179117,1138081,0.0,5.03470549018692,5.039259918301628,6d72612053372c8bd45600cb71e1be8ef1f45042f2e8303dec2456ee8a645e66,,d9ca9442235479899f63e9dd6ab3e3fb,,,ok,
20261007T042845Z,DEMO-009,decrypt,notebook-compatible,0,True,100044,100000,8,100000,0,0.0021758079528808594,43.85009861932939,1138617,0.0,5.039771597812058,5.03470549018692,6d72612053372c8bd45600cb71e1be8ef1f45042f2e8303dec2456ee8a645e66,6d72612053372c8bd45600cb71e1be8ef1f45042f2e8303dec2456ee8a645e66,d9ca9442235479899f63e9dd6ab3e3fb,d9ca9442235479899f63e9dd6ab3e3fb,1,ok,
20261007T042845Z,DEMO-009,encrypt,local-structured,0,True,100000,100044,8,100000,0,0.001659550999647763,57.4658034979742,1138081,0.0,5.03470549018692,5.039527461154709,6d72612053372c8bd45600cb71e1be8ef1f45042f2e8303dec2456ee8a645e66,,d9ca9442235479899f63e9dd6ab3e3fb,,,ok,
20261007T042845Z,DEMO-009,encrypt,local-structured,1,False,100000,100044,8,100000,0,0.001649989000725327,57.798828718677484,1138081,0.0,5.03470549018692,5.039107760918079,6d72612053372c8bd45600cb71e1be8ef1f45042f2e8303dec2456ee8a645e66,,d9ca9442235479899f63e9dd6ab3e3fb,,,ok,
20261007T042845Z,DEMO-009,encrypt,local-structured,2,False,100000,100044,8,100000,0,0.0016111249997265986,59.19306798467435,1138081,0.0,5.03470549018692,5.039132844901206,6d72612053372c8bd45600cb71e1be8ef1f45042f2e8303dec2456ee8a645e66,,d9ca9442235479899f63e9dd6ab3e3fb,,,ok,
20261007T042845Z,DEMO-009,encrypt,local-structured,3,False,100000,100044,8,100000,0,0.001578899000378442,60.40122364873665,1138081,0.0,5.03470549018692,5.039700962291127,6d72612053372c8bd45600cb71e1be8ef1f45042f2e8303dec2456ee8a645e66,,d9ca9442235479899f63e9dd6ab3e3fb,,,ok,
20261007T042845Z,DEMO-009,encrypt,local-structured,4,False,100000,100044,8,100000,0,0.0016678570000294712,57.179621297832995,1138081,0.0,5.03470549018692,5.039369578263942,6d72612053372c8bd45600cb71e1be8ef1f45042f2e8303dec2456ee8a645e66,,d9ca9442235479899f63e9dd6ab3e3fb,,,ok,
20261007T042845Z,DEMO-009,encrypt,local-structured,5,False,100000,100044,8,100000,0,0.0017275259997404646,55.20462884781622,1138081,0.0,5.03470549018692,5.03922603318608,6d72612053372c8bd45600cb71e1be8ef1f45042f2e8303dec2456ee8a645e66,,d9ca9442235479899f63e9dd6ab3e3fb,,,ok,
20261007T042845Z,DEMO-009,decrypt,local-structured,0,True,100044,100000,8,100000,0,0.0015755590002299869,60.5559000307953,1138617,0.0,5.039771597812058,5.03470549018692,6d72612053372c8bd45600cb71e1be8ef1f45042f2e8303dec2456ee8a645e66,6d72612053372c8bd45600cb71e1be8ef1f45042f2e8303dec2456ee8a645e66,d9ca9442235479899f63e9dd6ab3e3fb,d9ca9442235479899f63e9dd6ab3e3fb,1,ok,
20261007T042845Z,DEMO-009,decrypt,local-structured,1,False,100044,100000,8,100000,0,0.0011961670006712666,79.76260276115701,1138617,0.0,5.039771597812058,5.03470549018692,6d72612053372c8bd45600cb71e1be8ef1f45042f2e8303dec2456ee8a645e66,6d72612053372c8bd45600cb71e1be8ef1f45042f2e8303dec2456ee8a645e66,d9ca9442235479899f63e9dd6ab3e3fb,d9ca9442235479899f63e9dd6ab3e3fb,1,ok,
20261007T042845Z,DEMO-009,decrypt,local-structured,2,False,100044,100000,8,100000,0,0.0011970399991696468,79.70443207973811,1138617,0.0,5.039771597812058,5.03470549018692,6d72612053372c8bd45600cb71e1be8ef1f45042f2e8303dec2456ee8a645e66,6d72612053372c8bd45600cb71e1be8ef1f45042f2e8303dec2456ee8a645e66,d9ca9442235479899f63e9dd6ab3e3fb,d9ca9442235479899f63e9dd6ab3e3fb,1,ok,
20261007T042845Z,DEMO-009,decrypt,local-structured,3,False,100044,100000,8,100000,0,0.0015322720000767731,62.26661670105991,1138617,0.0,5.039771597812058,5.03470549018692,6d72612053372c8bd45600cb71e1be8ef1f45042f2e8303dec2456ee8a645e66,6d72612053372c8bd45600cb71e1be8ef1f45042f2e8303dec2456ee8a645e66,d9ca9442235479899f63e9dd6ab3e3fb,d9ca9442235479899f63e9dd6ab3e3fb,1,ok,
20261007T042845Z,DEMO-009,decrypt,local-structured,4,False,100044,100000,8,100000,0,0.0013089870008116122,72.88796088226248,1138617,0.0,5.039771597812058,5.03470549018692,6d72612053372c8bd45600cb71e1be8ef1f45042f2e8303dec2456ee8a645e66,6d72612053372c8bd45600cb71e1be8ef1f45042f2e8303dec2456ee8a645e66,d9ca9442235479899f63e9dd6ab3e3fb,d9ca9442235479899f63e9dd6ab3e3fb,1,ok,
20261007T042845Z,DEMO-009,decrypt,local-structured,5,False,100044,100000,8,100000,0,0.0011893290002262802,80.22119471768906,1138617,0.0,5.039771597812058,5.03470549018692,6d72612053372c8bd45600cb71e1be8ef1f45042f2e8303dec2456ee8a645e66,6d72612053372c8bd45600cb71e1be8ef1f45042f2e8303dec2456ee8a645e66,d9ca9442235479899f63e9dd6ab3e3fb,d9ca9442235479899f63e9dd6ab3e3fb,1,ok,
20261007T042845Z,DEMO-010,encrypt,notebook-compatible,0,True,600000,600044,16,600000,0,0.009644031524658203,59.33250927070458,6139617,0.0,5.045034880289591,5.045955934541004,d72c2eef0b3d22bc2f78cd9fcfa62ceb70bc0f0af23d2c103ee7a4599baeec2a,,afe06afb188254159288ed77816adabe,,,ok,
20261007T042845Z,DEMO-010,decrypt,notebook-compatible,0,True,600044,600000,16,600000,0,0.008729934692382812,65.54992353069696,6140921,0.0,5.0459401862838495,5.045034880289591,d72c2eef0b3d22bc2f78cd9fcfa62ceb70bc0f0af23d2c103ee7a4599baeec2a,d72c2eef0b3d22bc2f78cd9fcfa62ceb70bc0f0af23d2c103ee7a4599baeec2a,afe06afb188254159288ed77816adabe,afe06afb188254159288ed77816adabe,1,ok,
20261007T042845Z,DEMO-010,encrypt,local-structured,0,True,600000,600044,16,600000,0,0.011635752000074717,49.17641677478823,6139617,0.0,5.045034880289591,5.04592856378285,d72c2eef0b3d22bc2f78cd9fcfa62ceb70bc0f0af23d2c103ee7a4599baeec2a,,afe06afb188254159288ed77816adabe,,,ok,
20261007T042845Z,DEMO-010,encrypt,local-structured,1,False,600000,600044,16,600000,0,0.009632426999814925,59.40398923913404,6139617,0.0,5.045034880289591,5.046006764411997,d72c2eef0b3d22bc2f78cd9fcfa62ceb70bc0f0af23d2c103ee7a4599baeec2a,,afe06afb188254159288ed77816adabe,,,ok,
20261007T042845Z,DEMO-010,encrypt,local-structured,2,False,600000,600044,16,600000,0,0.009850696000285097,58.08773205742917,6139617,0.0,5.045034880289591,5.045980065250635,d72c2eef0b3d22bc2f78cd9fcfa62ceb70bc0f0af23d2c103ee7a4599baeec2a,,afe06afb188254159288ed77816adabe,,,ok,
20261007T042845Z,DEMO-010,encrypt,local-structured,3,False,600000,600044,16,600000,0,0.010333827999602363,55.371987018340924,6139617,0.0,5.045034880289591,5.045998469362841,d72c2eef0b3d22bc2f78cd9fcfa62ceb70bc0f0af23d2c103ee7a4599baeec2a,,afe06afb188254159288ed77816adabe,,,ok,
20261007T042845Z,DEMO-010,encrypt,local-structured,4,False,600000,600044,16,600000,0,0.01132443599999533,50.528307974364985,6139617,0.0,5.045034880289591,5.045922994434839,d72c2eef0b3d22bc2f78cd9fcfa62ceb70bc0f0af23d2c103ee7a4599baeec2a,,afe06afb188254159288ed77816adabe,,,ok,
20261007T042845Z,DEMO-010,encrypt,local-structured,5,False,600000,600044,16,600000,0,0.010896834000050148,52.51108623303949,6139617,0.0,5.045034880289591,5.045903565142433,d72c2eef0b3d22bc2f78cd9fcfa62ceb70bc0f0af23d2c103ee7a4599baeec2a,,afe06afb188254159288ed77816adabe,,,ok,
20261007T042845Z,DEMO-010,decrypt,local-structured,0,True,600044,600000,16,600000,0,0.01343494200045825,42.59389817195736,6140921,0.0,5.0459401862838495,5.045034880289591,d72c2eef0b3d22bc2f78cd9fcfa62ceb70bc0f0af23d2c103ee7a4599baeec2a,d72c2eef0b3d22bc2f78cd9fcfa62ceb70bc0f0af23d2c103ee7a4599baeec2a,afe06afb188254159288ed77816adabe,afe06afb188254159288ed77816adabe,1,ok,
20261007T042845Z,DEMO-010,decrypt,local-structured,1,False,600044,600000,16,600000,0,0.009076464999452583,63.04729336235914,6140921,0.0,5.0459401862838495,5.045034880289591,d72c2eef0b3d22bc2f78cd9fcfa62ceb70bc0f0af23d2c103ee7a4599baeec2a,d72c2eef0b3d22bc2f78cd9fcfa62ceb70bc0f0af23d2c103ee7a4599baeec2a,afe06afb188254159288ed77816adabe,afe06afb188254159288ed77816adabe,1,ok,
20261007T042845Z,DEMO-010,decrypt,local-structured,2,False,600044,600000,16,600000,0,0.008884335000402643,64.41073546728454,6140921,0.0,5.0459401862838495,5.045034880289591,d72c2eef0b3d22bc2f78cd9fcfa62ceb70bc0f0af23d2c103ee7a4599baeec2a,d72c2eef0b3d22bc2f78cd9fcfa62ceb70bc0f0af23d2c103ee7a4599baeec2a,afe06afb188254159288ed77816adabe,afe06afb188254159288ed77816adabe,1,ok,
20261007T042845Z,DEMO-010,decrypt,local-structured,3,False,600044,600000,16,600000,0,0.008298255000227073,68.95986583902435,6140921,0.0,5.0459401862838495,5.045034880289591,d72c2eef0b3d22bc2f78cd9fcfa62ceb70bc0f0af23d2c103ee7a4599baeec2a,d72c2eef0b3d22bc2f78cd9fcfa62ceb70bc0f0af23d2c103ee7a4599baeec2a,afe06afb188254159288ed77816adabe,afe06afb188254159288ed77816adabe,1,ok,
20261007T042845Z,DEMO-010,decrypt,local-structured,4,False,600044,600000,16,600000,0,0.009199631000228692,62.20320700900357,6140921,0.0,5.0459401862838495,5.045034880289591,d72c2eef0b3d22bc2f78cd9fcfa62ceb70bc0f0af23d2c103ee7a4599baeec2a,d72c2eef0b3d22bc2f78cd9fcfa62ceb70bc0f0af23d2c103ee7a4599baeec2a,afe06afb188254159288ed77816adabe,afe06afb188254159288ed77816adabe,1,ok,
20261007T042845Z,DEMO-010,decrypt,local-structured,5,False,600044,600000,16,600000,0,0.008848385000419512,64.67242909147161,6140921,0.0,5.0459401862838495,5.045034880289591,d72c2eef0b3d22bc2f78cd9fcfa62ceb70bc0f0af23d2c103ee7a4599baeec2a,d72c2eef0b3d22bc2f78cd9fcfa62ceb70bc0f0af23d2c103ee7a4599baeec2a,afe06afb188254159288ed77816adabe,afe06afb188254159288ed77816adabe,1,ok,
20261007T042845Z,DEMO-011,encrypt,notebook-compatible,0,True,5200000,5200044,32,5200000,0,0.18306612968444824,27.089153268605884,52145761,0.0,-0.0,0.00016367172433334905,3a52e3d833b7edf051458509f316d1aa26aa783cdcd913baf2459e31da138156,,91f5b77c8a17684cf2825477a8d8e11a,,,ok,
20261007T042845Z,DEMO-011,decrypt,notebook-compatible,0,True,5200044,5200000,32,5200000,0,0.14325976371765137,34.6164776367797,52150137,0.0,0.0001589587516943383,-0.0,3a52e3d833b7edf051458509f316d1aa26aa783cdcd913baf2459e31da138156,3a52e3d833b7edf051458509f316d1aa26aa783cdcd913baf2459e31da138156,91f5b77c8a17684cf2825477a8d8e11a,91f5b77c8a17684cf2825477a8d8e11a,1,ok,
20261007T042845Z,DEMO-011,encrypt,local-structured,0,True,5200000,5200044,32,5200000,0,0.17835960299998987,27.803977817290733,52145761,0.0,-0.0,0.00016367172433334908,3a52e3d833b7edf051458509f316d1aa26aa783cdcd913baf2459e31da138156,,91f5b77c8a17684cf2825477a8d8e11a,,,ok,
20261007T042845Z,DEMO-011,encrypt,local-structured,1,False,5200000,5200044,32,5200000,0,0.1821576720003577,27.224252433917588,52145761,0.0,-0.0,0.0001640563364635541,3a52e3d833b7edf051458509f316d1aa26aa783cdcd913baf2459e31da138156,,91f5b77c8a17684cf2825477a8d8e11a,,,ok,
20261007T042845Z,DEMO-011,encrypt,local-structured,2,False,5200000,5200044,32,5200000,0,0.19434643200020219,25.516838123929855,52145761,0.0,-0.0,0.00016251788794273387,3a52e3d833b7edf051458509f316d1aa26aa783cdcd913baf2459e31da138156,,91f5b77c8a17684cf2825477a8d8e11a,,,ok,
20261007T042845Z,DEMO-011,encrypt,local-structured,3,False,5200000,5200044,32,5200000,0,0.22878063499956625,21.67625090000254,52145761,0.0,-0.0,0.00016251788794273387,3a52e3d833b7edf051458509f316d1aa26aa783cdcd913baf2459e31da138156,,91f5b77c8a17684cf2825477a8d8e11a,,,ok,
20261007T042845Z,DEMO-011,encrypt,local-structured,4,False,5200000,5200044,32,5200000,0,0.3256161549998069,15.229915251948851,52145761,0.0,-0.0,0.0001594885332696795,3a52e3d833b7edf051458509f316d1aa26aa783cdcd913baf2459e31da138156,,91f5b77c8a17684cf2825477a8d8e11a,,,ok,
20261007T042845Z,DEMO-011,encrypt,local-structured,5,False,5200000,5200044,32,5200000,0,0.18921285800024634,26.20914084658054,52145761,0.0,-0.0,0.000163287112203144,3a52e3d833b7edf051458509f316d1aa26aa783cdcd913baf2459e31da138156,,91f5b77c8a17684cf2825477a8d8e11a,,,ok,
20261007T042845Z,DEMO-011,decrypt,local-structured,0,True,5200044,5200000,32,5200000,0,0.1529580630003693,32.421621388932266,52150137,0.0,0.0001589587516943383,-0.0,3a52e3d833b7edf051458509f316d1aa26aa783cdcd913baf2459e31da138156,3a52e3d833b7edf051458509f316d1aa26aa783cdcd913baf2459e31da138156,91f5b77c8a17684cf2825477a8d8e11a,91f5b77c8a17684cf2825477a8d8e11a,1,ok,
20261007T042845Z,DEMO-011,decrypt,local-structured,1,False,5200044,5200000,32,5200000,0,0.1657699050001611,29.915854792687508,52150137,0.0,0.0001589587516943383,-0.0,3a52e3d833b7edf051458509f316d1aa26aa783cdcd913baf2459e31da138156,3a52e3d833b7edf051458509f316d1aa26aa783cdcd913baf2459e31da138156,91f5b77c8a17684cf2825477a8d8e11a,91f5b77c8a17684cf2825477a8d8e11a,1,ok,
20261007T042845Z,DEMO-011,decrypt,local-structured,2,False,5200044,5200000,32,5200000,0,0.1898505680001108,26.121325099114415,52150137,0.0,0.0001589587516943383,-0.0,3a52e3d833b7edf051458509f316d1aa26aa783cdcd913baf2459e31da138156,3a52e3d833b7edf051458509f316d1aa26aa783cdcd913baf2459e31da138156,91f5b77c8a17684cf2825477a8d8e11a,91f5b77c8a17684cf2825477a8d8e11a,1,ok,
20261007T042845Z,DEMO-011,decrypt,local-structured,3,False,5200044,5200000,32,5200000,0,0.15968037099992216,31.056718968825788,52150137,0.0,0.0001589587516943383,-0.0,3a52e3d833b7edf051458509f316d1aa26aa783cdcd913baf2459e31da138156,3a52e3d833b7edf051458509f316d1aa26aa783cdcd913baf2459e31da138156,91f5b77c8a17684cf2825477a8d8e11a,91f5b77c8a17684cf2825477a8d8e11a,1,ok,
20261007T042845Z,DEMO-011,decrypt,local-structured,4,False,5200044,5200000,32,5200000,0,0.15720577000047342,31.545587715816584,52150137,0.0,0.0001589587516943383,-0.0,3a52e3d833b7edf051458509f316d1aa26aa783cdcd913baf2459e31da138156,3a52e3d833b7edf051458509f316d1aa26aa783cdcd913baf2459e31da138156,91f5b77c8a17684cf2825477a8d8e11a,91f5b77c8a17684cf2825477a8d8e11a,1,ok,
20261007T042845Z,DEMO-011,decrypt,local-structured,5,False,5200044,5200000,32,5200000,0,0.14234736599973985,34.83835736722719,52150137,0.0,0.0001589587516943383,-0.0,3a52e3d833b7edf051458509f316d1aa26aa783cdcd913baf2459e31da138156,3a52e3d833b7edf051458509f316d1aa26aa783cdcd913baf2459e31da138156,91f5b77c8a17684cf2825477a8d8e11a,91f5b77c8a17684cf2825477a8d8e11a,1,ok,
