run_id,dataset_id,phase,protocol,repetition,warmup,input_size_bytes,output_size_bytes,selected_n,len_hill,len_tail,elapsed_seconds,throughput_mib_s,traced_peak_bytes,cpu_percent,entropy_input,entropy_output,sha256_original,sha256_recovered,md5_original,md5_recovered,exact_byte_match,status,error_message,sha256_ciphertext
v1.0.0-demo-20261008T020017Z,DEMO-001,encrypt,notebook-compatible,0,True,0,44,4,0,0,0.00022220611572265625,0.0,139705,0.0,0.0,4.345350936622436,e3b0c44298fc1c149afbf4c8996fb92427ae41e4649b934ca495991b7852b855,,d41d8cd98f00b204e9800998ecf8427e,,,ok,,1e8e2979be6d09c0bb359e34c9590bb7d274c8235436eebe0d64df1de925e2aa
v1.0.0-demo-20261008T020017Z,DEMO-001,decrypt,notebook-compatible,0,True,44,0,4,0,0,0.00013947486877441406,0.30085470085470084,133789,0.0,4.367300986705246,0.0,e3b0c44298fc1c149afbf4c8996fb92427ae41e4649b934ca495991b7852b855,e3b0c44298fc1c149afbf4c8996fb92427ae41e4649b934ca495991b7852b855,d41d8cd98f00b204e9800998ecf8427e,d41d8cd98f00b204e9800998ecf8427e,1,ok,,53a5eb52bd63c06d8edda62b0e3e76e103c4ec393fc25d082b61e21e2ceb1fa8
v1.0.0-demo-20261008T020017Z,DEMO-001,encrypt,local-structured,0,True,0,44,4,0,0,0.0004679119992943015,0.0,139705,0.0,0.0,4.594573713977972,e3b0c44298fc1c149afbf4c8996fb92427ae41e4649b934ca495991b7852b855,,d41d8cd98f00b204e9800998ecf8427e,,,ok,,f64a0e0af0ae59d9cf43cdbf31c0a6a8dc3cbda1df42c1ce15be20de74d25d6b
v1.0.0-demo-20261008T020017Z,DEMO-001,encrypt,local-structured,1,False,0,44,4,0,0,0.0002050910006801132,0.0,139705,0.0,0.0,4.4582100776143365,e3b0c44298fc1c149afbf4c8996fb92427ae41e4649b934ca495991b7852b855,,d41d8cd98f00b204e9800998ecf8427e,,,ok,,4217123a3dc53ce94e709f41af4f18f93eb6c797191e13064f9f9c6808565ff5
v1.0.0-demo-20261008T020017Z,DEMO-001,encrypt,local-structured,2,False,0,44,4,0,0,0.00017831000059231883,0.0,139705,0.0,0.0,4.503664623068882,e3b0c44298fc1c149afbf4c8996fb92427ae41e4649b934ca495991b7852b855,,d41d8cd98f00b204e9800998ecf8427e,,,ok,,a95e56b97867365a58ea47d9b88b8b680341256489f722eeadcee59cf3aa3a8f
v1.0.0-demo-20261008T020017Z,DEMO-001,encrypt,local-structured,3,False,0,44,4,0,0,0.00013685800058738096,0.0,139705,0.0,0.0,4.436260027531527,e3b0c44298fc1c149afbf4c8996fb92427ae41e4649b934ca495991b7852b855,,d41d8cd98f00b204e9800998ecf8427e,,,ok,,8c49e14b08ec2b7c0fedb4c37276e8e75fbf1ca779ed87cfc6776493c9f37c93
v1.0.0-demo-20261008T020017Z,DEMO-001,encrypt,local-structured,4,False,0,44,4,0,0,0.00015646199972252361,0.0,139705,0.0,0.0,4.395598998019712,e3b0c44298fc1c149afbf4c8996fb92427ae41e4649b934ca495991b7852b855,,d41d8cd98f00b204e9800998ecf8427e,,,ok,,887a0302ae2eebd120b117df0a6139b97d1d03710209bd2cd98446485f1c6611
v1.0.0-demo-20261008T020017Z,DEMO-001,encrypt,local-structured,5,False,0,44,4,0,0,0.0003342079999129055,0.0,139705,0.0,0.0,4.549119168523427,e3b0c44298fc1c149afbf4c8996fb92427ae41e4649b934ca495991b7852b855,,d41d8cd98f00b204e9800998ecf8427e,,,ok,,535957b40b1d07ec9dfdc228d81225f3ab735b424754d0667b5afc9c512a8ee8
v1.0.0-demo-20261008T020017Z,DEMO-001,decrypt,local-structured,0,True,44,0,4,0,0,0.00015486400025110925,0.27095819463422677,133301,0.0,4.367300986705246,0.0,e3b0c44298fc1c149afbf4c8996fb92427ae41e4649b934ca495991b7852b855,e3b0c44298fc1c149afbf4c8996fb92427ae41e4649b934ca495991b7852b855,d41d8cd98f00b204e9800998ecf8427e,d41d8cd98f00b204e9800998ecf8427e,1,ok,,53a5eb52bd63c06d8edda62b0e3e76e103c4ec393fc25d082b61e21e2ceb1fa8
v1.0.0-demo-20261008T020017Z,DEMO-001,decrypt,local-structured,1,False,44,0,4,0,0,0.00011534300028870348,0.36379901525749253,133221,0.0,4.367300986705246,0.0,e3b0c44298fc1c149afbf4c8996fb92427ae41e4649b934ca495991b7852b855,e3b0c44298fc1c149afbf4c8996fb92427ae41e4649b934ca495991b7852b855,d41d8cd98f00b204e9800998ecf8427e,d41d8cd98f00b204e9800998ecf8427e,1,ok,,53a5eb52bd63c06d8edda62b0e3e76e103c4ec393fc25d082b61e21e2ceb1fa8
v1.0.0-demo-20261008T020017Z,DEMO-001,decrypt,local-structured,2,False,44,0,4,0,0,0.00010296599975845311,0.4075293788271124,133165,0.0,4.367300986705246,0.0,e3b0c44298fc1c149afbf4c8996fb92427ae41e4649b934ca495991b7852b855,e3b0c44298fc1c149afbf4c8996fb92427ae41e4649b934ca495991b7852b855,d41d8cd98f00b204e9800998ecf8427e,d41d8cd98f00b204e9800998ecf8427e,1,ok,,53a5eb52bd63c06d8edda62b0e3e76e103c4ec393fc25d082b61e21e2ceb1fa8
v1.0.0-demo-20261008T020017Z,DEMO-001,decrypt,local-structured,3,False,44,0,4,0,0,0.00013625600058730925,0.3079619961029685,133109,0.0,4.367300986705246,0.0,e3b0c44298fc1c149afbf4c8996fb92427ae41e4649b934ca495991b7852b855,e3b0c44298fc1c149afbf4c8996fb92427ae41e4649b934ca495991b7852b855,d41d8cd98f00b204e9800998ecf8427e,d41d8cd98f00b204e9800998ecf8427e,1,ok,,53a5eb52bd63c06d8edda62b0e3e76e103c4ec393fc25d082b61e21e2ceb1fa8
v1.0.0-demo-20261008T020017Z,DEMO-001,decrypt,local-structured,4,False,44,0,4,0,0,0.0001550330007376033,0.2706628248323467,133077,0.0,4.367300986705246,0.0,e3b0c44298fc1c149afbf4c8996fb92427ae41e4649b934ca495991b7852b855,e3b0c44298fc1c149afbf4c8996fb92427ae41e4649b934ca495991b7852b855,d41d8cd98f00b204e9800998ecf8427e,d41d8cd98f00b204e9800998ecf8427e,1,ok,,53a5eb52bd63c06d8edda62b0e3e76e103c4ec393fc25d082b61e21e2ceb1fa8
v1.0.0-demo-20261008T020017Z,DEMO-001,decrypt,local-structured,5,False,44,0,4,0,0,0.0001916800001708907,0.2189152226860623,133069,0.0,4.367300986705246,0.0,e3b0c44298fc1c149afbf4c8996fb92427ae41e4649b934ca495991b7852b855,e3b0c44298fc1c149afbf4c8996fb92427ae41e4649b934ca495991b7852b855,d41d8cd98f00b204e9800998ecf8427e,d41d8cd98f00b204e9800998ecf8427e,1,ok,,53a5eb52bd63c06d8edda62b0e3e76e103c4ec393fc25d082b61e21e2ceb1fa8
v1.0.0-demo-20261008T020017Z,DEMO-002,encrypt,notebook-compatible,0,True,37,80,6,36,1,0.00037360191345214844,0.09444798978940651,138435,0.0,5.209453365628953,5.7222509892494,c33aef5769fc88357a5805ef4e4d171ce91fdacf03d93c7826a944d4a725d11b,,1762a8d30a4889479b2a50c0da1fd8b7,,,ok,,0f7f815842db76b541ab8e9421c734999298442c1947eca3f65bea5ebdfc8048
v1.0.0-demo-20261008T020017Z,DEMO-002,decrypt,notebook-compatible,0,True,80,37,6,36,1,0.00086212158203125,0.08849557522123894,138577,0.0,5.697250989249399,5.209453365628953,c33aef5769fc88357a5805ef4e4d171ce91fdacf03d93c7826a944d4a725d11b,c33aef5769fc88357a5805ef4e4d171ce91fdacf03d93c7826a944d4a725d11b,1762a8d30a4889479b2a50c0da1fd8b7,1762a8d30a4889479b2a50c0da1fd8b7,1,ok,,7575a33dc3026cf6152a8c9bd1fe6ba5ac4f42142cc0aa6010363579568b8284
v1.0.0-demo-20261008T020017Z,DEMO-002,encrypt,local-structured,0,True,37,80,6,36,1,0.00042378000034659635,0.08326478285471703,138435,0.0,5.209453365628953,5.7222509892494,c33aef5769fc88357a5805ef4e4d171ce91fdacf03d93c7826a944d4a725d11b,,1762a8d30a4889479b2a50c0da1fd8b7,,,ok,,20f0fe45ebbba469b8c2422a7e3f55582d4a341c6a291c728468eec09cf76a4e
v1.0.0-demo-20261008T020017Z,DEMO-002,encrypt,local-structured,1,False,37,80,6,36,1,0.0003611680003814399,0.09769954611085352,138435,0.0,5.209453365628953,5.646256247324735,c33aef5769fc88357a5805ef4e4d171ce91fdacf03d93c7826a944d4a725d11b,,1762a8d30a4889479b2a50c0da1fd8b7,,,ok,,eeb1260f5220f53052c935ec1e545df1017d7ae352178ec557d4cf924833366f
v1.0.0-demo-20261008T020017Z,DEMO-002,encrypt,local-structured,2,False,37,80,6,36,1,0.0004900080002698814,0.07201096653033588,138435,0.0,5.209453365628953,5.7316870830264435,c33aef5769fc88357a5805ef4e4d171ce91fdacf03d93c7826a944d4a725d11b,,1762a8d30a4889479b2a50c0da1fd8b7,,,ok,,622553932b4a4ab104d0b5a4c716f1a4e89c9791b8b502419c54f44f4cd7819d
v1.0.0-demo-20261008T020017Z,DEMO-002,encrypt,local-structured,3,False,37,80,6,36,1,0.000447892000011052,0.0787822727491461,138435,0.0,5.209453365628953,5.781687083026442,c33aef5769fc88357a5805ef4e4d171ce91fdacf03d93c7826a944d4a725d11b,,1762a8d30a4889479b2a50c0da1fd8b7,,,ok,,bd226c5ceba37f0752cba8ee03f7cc44c425cb902bf586b763191b0e33c582bc
v1.0.0-demo-20261008T020017Z,DEMO-002,encrypt,local-structured,4,False,37,80,6,36,1,0.00035690999993676087,0.09886511925494773,138435,0.0,5.209453365628953,5.756687083026443,c33aef5769fc88357a5805ef4e4d171ce91fdacf03d93c7826a944d4a725d11b,,1762a8d30a4889479b2a50c0da1fd8b7,,,ok,,2c7611b7ead15645838af04da50dca70a74c6826a9113d2f17d0d18e46d8086c
v1.0.0-demo-20261008T020017Z,DEMO-002,encrypt,local-structured,5,False,37,80,6,36,1,0.00041792600040935213,0.08443109467338525,138435,0.0,5.209453365628953,5.706687083026442,c33aef5769fc88357a5805ef4e4d171ce91fdacf03d93c7826a944d4a725d11b,,1762a8d30a4889479b2a50c0da1fd8b7,,,ok,,d3cf7e67ebbffa0af96dce3875f99a8167ca31808a7fcd5435f2f2a6e29169e8
v1.0.0-demo-20261008T020017Z,DEMO-002,decrypt,local-structured,0,True,80,37,6,36,1,0.000178113000401936,0.4283457419746589,138577,0.0,5.697250989249399,5.209453365628953,c33aef5769fc88357a5805ef4e4d171ce91fdacf03d93c7826a944d4a725d11b,c33aef5769fc88357a5805ef4e4d171ce91fdacf03d93c7826a944d4a725d11b,1762a8d30a4889479b2a50c0da1fd8b7,1762a8d30a4889479b2a50c0da1fd8b7,1,ok,,7575a33dc3026cf6152a8c9bd1fe6ba5ac4f42142cc0aa6010363579568b8284
v1.0.0-demo-20261008T020017Z,DEMO-002,decrypt,local-structured,1,False,80,37,6,36,1,0.00019607099966378883,0.3891138691765964,138577,0.0,5.697250989249399,5.209453365628953,c33aef5769fc88357a5805ef4e4d171ce91fdacf03d93c7826a944d4a725d11b,c33aef5769fc88357a5805ef4e4d171ce91fdacf03d93c7826a944d4a725d11b,1762a8d30a4889479b2a50c0da1fd8b7,1762a8d30a4889479b2a50c0da1fd8b7,1,ok,,7575a33dc3026cf6152a8c9bd1fe6ba5ac4f42142cc0aa6010363579568b8284
v1.0.0-demo-20261008T020017Z,DEMO-002,decrypt,local-structured,2,False,80,37,6,36,1,0.00015388799965876387,0.49577579461476273,138577,0.0,5.697250989249399,5.209453365628953,c33aef5769fc88357a5805ef4e4d171ce91fdacf03d93c7826a944d4a725d11b,c33aef5769fc88357a5805ef4e4d171ce91fdacf03d93c7826a944d4a725d11b,1762a8d30a4889479b2a50c0da1fd8b7,1762a8d30a4889479b2a50c0da1fd8b7,1,ok,,7575a33dc3026cf6152a8c9bd1fe6ba5ac4f42142cc0aa6010363579568b8284
v1.0.0-demo-20261008T020017Z,DEMO-002,decrypt,local-structured,3,False,80,37,6,36,1,0.00017112600016844226,0.44583491250542034,138577,0.0,5.697250989249399,5.209453365628953,c33aef5769fc88357a5805ef4e4d171ce91fdacf03d93c7826a944d4a725d11b,c33aef5769fc88357a5805ef4e4d171ce91fdacf03d93c7826a944d4a725d11b,1762a8d30a4889479b2a50c0da1fd8b7,1762a8d30a4889479b2a50c0da1fd8b7,1,ok,,7575a33dc3026cf6152a8c9bd1fe6ba5ac4f42142cc0aa6010363579568b8284
v1.0.0-demo-20261008T020017Z,DEMO-002,decrypt,local-structured,4,False,80,37,6,36,1,0.00017151500014733756,0.4448237486340014,138577,0.0,5.697250989249399,5.209453365628953,c33aef5769fc88357a5805ef4e4d171ce91fdacf03d93c7826a944d4a725d11b,c33aef5769fc88357a5805ef4e4d171ce91fdacf03d93c7826a944d4a725d11b,1762a8d30a4889479b2a50c0da1fd8b7,1762a8d30a4889479b2a50c0da1fd8b7,1,ok,,7575a33dc3026cf6152a8c9bd1fe6ba5ac4f42142cc0aa6010363579568b8284
v1.0.0-demo-20261008T020017Z,DEMO-002,decrypt,local-structured,5,False,80,37,6,36,1,0.00026757399973575957,0.2851321331214671,138577,0.0,5.697250989249399,5.209453365628953,c33aef5769fc88357a5805ef4e4d171ce91fdacf03d93c7826a944d4a725d11b,c33aef5769fc88357a5805ef4e4d171ce91fdacf03d93c7826a944d4a725d11b,1762a8d30a4889479b2a50c0da1fd8b7,1762a8d30a4889479b2a50c0da1fd8b7,1,ok,,7575a33dc3026cf6152a8c9bd1fe6ba5ac4f42142cc0aa6010363579568b8284
v1.0.0-demo-20261008T020017Z,DEMO-003,encrypt,notebook-compatible,0,True,6000,6044,4,6000,0,0.0004439353942871094,12.889366272824919,197633,0.0,-0.0,0.09685875302180458,f5ddb39412a9924f220f6c16749f0ca53083cf2aa56c4e4ca3d8994141bee964,,8e22dc974d87e9792f5fbaaf04d3ffc5,,,ok,,8e009ece9d192ce62b813d82b56f60b6dbb00de11a143ef91afe383b5e0cdb44
v1.0.0-demo-20261008T020017Z,DEMO-003,decrypt,notebook-compatible,0,True,6044,6000,4,6000,0,0.0003769397735595703,15.291587602783048,197977,0.0,0.09685875302180458,-0.0,f5ddb39412a9924f220f6c16749f0ca53083cf2aa56c4e4ca3d8994141bee964,f5ddb39412a9924f220f6c16749f0ca53083cf2aa56c4e4ca3d8994141bee964,8e22dc974d87e9792f5fbaaf04d3ffc5,8e22dc974d87e9792f5fbaaf04d3ffc5,1,ok,,ac19e87531a4535d9b02f107f9c0a43d4d99a70e495f183a47172f1af266fd22
v1.0.0-demo-20261008T020017Z,DEMO-003,encrypt,local-structured,0,True,6000,6044,4,6000,0,0.00038447099996119505,14.882906380494317,197633,0.0,-0.0,0.09619693965317454,f5ddb39412a9924f220f6c16749f0ca53083cf2aa56c4e4ca3d8994141bee964,,8e22dc974d87e9792f5fbaaf04d3ffc5,,,ok,,0f7c4f4b2cee68b8e8f40bc2e0ab4854e3b2a86241a64a2958528962ba860173
v1.0.0-demo-20261008T020017Z,DEMO-003,encrypt,local-structured,1,False,6000,6044,4,6000,0,0.0005761649999840301,9.931262569916779,197633,0.0,-0.0,0.09408766606840546,f5ddb39412a9924f220f6c16749f0ca53083cf2aa56c4e4ca3d8994141bee964,,8e22dc974d87e9792f5fbaaf04d3ffc5,,,ok,,e7be3b11c56340853da8fa7e1e7ff1b5af1f6c5aff198a7ccad2f8179e9b7760
v1.0.0-demo-20261008T020017Z,DEMO-003,encrypt,local-structured,2,False,6000,6044,4,6000,0,0.0006504220000351779,8.797435969459865,197633,0.0,-0.0,0.09586603296885952,f5ddb39412a9924f220f6c16749f0ca53083cf2aa56c4e4ca3d8994141bee964,,8e22dc974d87e9792f5fbaaf04d3ffc5,,,ok,,13141bc3464d7b006b528b80e93a125553567f6e193ebc3effee4287ba1beff4
v1.0.0-demo-20261008T020017Z,DEMO-003,encrypt,local-structured,3,False,6000,6044,4,6000,0,0.000391917999877478,14.600109972561441,197633,0.0,-0.0,0.09652784633748955,f5ddb39412a9924f220f6c16749f0ca53083cf2aa56c4e4ca3d8994141bee964,,8e22dc974d87e9792f5fbaaf04d3ffc5,,,ok,,83fd8496243065a1f2d7beb00676026f61ccada516626cf32978aa1eb1261665
v1.0.0-demo-20261008T020017Z,DEMO-003,encrypt,local-structured,4,False,6000,6044,4,6000,0,0.0003676530004668166,15.563713314380953,197633,0.0,-0.0,0.09685875302180458,f5ddb39412a9924f220f6c16749f0ca53083cf2aa56c4e4ca3d8994141bee964,,8e22dc974d87e9792f5fbaaf04d3ffc5,,,ok,,389181ff28f44b86e5efd2bde8f7ecffbadac6e7e25329b9c97292845ed0595d
v1.0.0-demo-20261008T020017Z,DEMO-003,encrypt,local-structured,5,False,6000,6044,4,6000,0,0.00044085800072934944,12.979340034593964,197633,0.0,-0.0,0.09575187745332464,f5ddb39412a9924f220f6c16749f0ca53083cf2aa56c4e4ca3d8994141bee964,,8e22dc974d87e9792f5fbaaf04d3ffc5,,,ok,,88c5acaf10ddb81cc4cca3e00dfedc817126a00bb15733744fce2a53851244a9
v1.0.0-demo-20261008T020017Z,DEMO-003,decrypt,local-structured,0,True,6044,6000,4,6000,0,0.00026606000028550625,21.664314674036223,197977,0.0,0.09685875302180458,-0.0,f5ddb39412a9924f220f6c16749f0ca53083cf2aa56c4e4ca3d8994141bee964,f5ddb39412a9924f220f6c16749f0ca53083cf2aa56c4e4ca3d8994141bee964,8e22dc974d87e9792f5fbaaf04d3ffc5,8e22dc974d87e9792f5fbaaf04d3ffc5,1,ok,,ac19e87531a4535d9b02f107f9c0a43d4d99a70e495f183a47172f1af266fd22
v1.0.0-demo-20261008T020017Z,DEMO-003,decrypt,local-structured,1,False,6044,6000,4,6000,0,0.00026727600015874486,21.56575062832399,197977,0.0,0.09685875302180458,-0.0,f5ddb39412a9924f220f6c16749f0ca53083cf2aa56c4e4ca3d8994141bee964,f5ddb39412a9924f220f6c16749f0ca53083cf2aa56c4e4ca3d8994141bee964,8e22dc974d87e9792f5fbaaf04d3ffc5,8e22dc974d87e9792f5fbaaf04d3ffc5,1,ok,,ac19e87531a4535d9b02f107f9c0a43d4d99a70e495f183a47172f1af266fd22
v1.0.0-demo-20261008T020017Z,DEMO-003,decrypt,local-structured,2,False,6044,6000,4,6000,0,0.0002460119994793786,23.429782208011893,198041,0.0,0.09685875302180458,-0.0,f5ddb39412a9924f220f6c16749f0ca53083cf2aa56c4e4ca3d8994141bee964,f5ddb39412a9924f220f6c16749f0ca53083cf2aa56c4e4ca3d8994141bee964,8e22dc974d87e9792f5fbaaf04d3ffc5,8e22dc974d87e9792f5fbaaf04d3ffc5,1,ok,,ac19e87531a4535d9b02f107f9c0a43d4d99a70e495f183a47172f1af266fd22
v1.0.0-demo-20261008T020017Z,DEMO-003,decrypt,local-structured,3,False,6044,6000,4,6000,0,0.00032152299991139444,17.92720138200945,198041,0.0,0.09685875302180458,-0.0,f5ddb39412a9924f220f6c16749f0ca53083cf2aa56c4e4ca3d8994141bee964,f5ddb39412a9924f220f6c16749f0ca53083cf2aa56c4e4ca3d8994141bee964,8e22dc974d87e9792f5fbaaf04d3ffc5,8e22dc974d87e9792f5fbaaf04d3ffc5,1,ok,,ac19e87531a4535d9b02f107f9c0a43d4d99a70e495f183a47172f1af266fd22
v1.0.0-demo-20261008T020017Z,DEMO-003,decrypt,local-structured,4,False,6044,6000,4,6000,0,0.0007799800005159341,7.389942773592466,198041,0.0,0.09685875302180458,-0.0,f5ddb39412a9924f220f6c16749f0ca53083cf2aa56c4e4ca3d8994141bee964,f5ddb39412a9924f220f6c16749f0ca53083cf2aa56c4e4ca3d8994141bee964,8e22dc974d87e9792f5fbaaf04d3ffc5,8e22dc974d87e9792f5fbaaf04d3ffc5,1,ok,,ac19e87531a4535d9b02f107f9c0a43d4d99a70e495f183a47172f1af266fd22
v1.0.0-demo-20261008T020017Z,DEMO-003,decrypt,local-structured,5,False,6044,6000,4,6000,0,0.00023695399977441411,24.32542845382162,198041,0.0,0.09685875302180458,-0.0,f5ddb39412a9924f220f6c16749f0ca53083cf2aa56c4e4ca3d8994141bee964,f5ddb39412a9924f220f6c16749f0ca53083cf2aa56c4e4ca3d8994141bee964,8e22dc974d87e9792f5fbaaf04d3ffc5,8e22dc974d87e9792f5fbaaf04d3ffc5,1,ok,,ac19e87531a4535d9b02f107f9c0a43d4d99a70e495f183a47172f1af266fd22
v1.0.0-demo-20261008T020017Z,DEMO-004,encrypt,notebook-compatible,0,True,5984,6026,6,5982,2,0.000396728515625,14.384615384615385,197617,0.0,5.043948401398892,5.093918324837624,b6491bb4c72aa3c5a0ec4b3ee7e2f93a360f98b7f2dfeb58a887228803920890,,fcbf0427de5f85808fecb3400831cfd4,,,ok,,55e6ddb143e7f905955dd0bb9d06270803ef2b02ffffb6ca8172681183a2584e
v1.0.0-demo-20261008T020017Z,DEMO-004,decrypt,notebook-compatible,0,True,6026,5984,6,5982,2,0.0004189014434814453,13.718838929994309,198101,0.0,5.093406426532502,5.043948401398892,b6491bb4c72aa3c5a0ec4b3ee7e2f93a360f98b7f2dfeb58a887228803920890,b6491bb4c72aa3c5a0ec4b3ee7e2f93a360f98b7f2dfeb58a887228803920890,fcbf0427de5f85808fecb3400831cfd4,fcbf0427de5f85808fecb3400831cfd4,1,ok,,dfa6a2339d6e11ba0b0aad25d447fadf6e6394610882c1858ab2395df27698f2
v1.0.0-demo-20261008T020017Z,DEMO-004,encrypt,local-structured,0,True,5984,6026,6,5982,2,0.0005409049999798299,10.550442516870437,197681,0.0,5.043948401398892,5.095547396972832,b6491bb4c72aa3c5a0ec4b3ee7e2f93a360f98b7f2dfeb58a887228803920890,,fcbf0427de5f85808fecb3400831cfd4,,,ok,,427c6c468d0bd1d791439bbacbd11eb3c7be018511205b67294d38778c890756
v1.0.0-demo-20261008T020017Z,DEMO-004,encrypt,local-structured,1,False,5984,6026,6,5982,2,0.0004217790001348476,13.530277959667206,197681,0.0,5.043948401398892,5.098584897379703,b6491bb4c72aa3c5a0ec4b3ee7e2f93a360f98b7f2dfeb58a887228803920890,,fcbf0427de5f85808fecb3400831cfd4,,,ok,,6a210b1038faf3787c79bef76669c84f45674512983a8b015421b973b0ba54a2
v1.0.0-demo-20261008T020017Z,DEMO-004,encrypt,local-structured,2,False,5984,6026,6,5982,2,0.0008995329999379464,6.3441664839074035,197681,0.0,5.043948401398892,5.096249179854853,b6491bb4c72aa3c5a0ec4b3ee7e2f93a360f98b7f2dfeb58a887228803920890,,fcbf0427de5f85808fecb3400831cfd4,,,ok,,f032973d3dda6f28cf71b81ea86544feae4924e3cbcb9710f5d6a6a436710a78
v1.0.0-demo-20261008T020017Z,DEMO-004,encrypt,local-structured,3,False,5984,6026,6,5982,2,0.0004727929999717162,12.070371409298353,197681,0.0,5.043948401398892,5.095672902486345,b6491bb4c72aa3c5a0ec4b3ee7e2f93a360f98b7f2dfeb58a887228803920890,,fcbf0427de5f85808fecb3400831cfd4,,,ok,,5ef1e038e07707c5df8adda08d726eecaf9b32705048bd089098a8cdf9421824
v1.0.0-demo-20261008T020017Z,DEMO-004,encrypt,local-structured,4,False,5984,6026,6,5982,2,0.0004747990005853353,12.019374729811217,197681,0.0,5.043948401398892,5.092964897370033,b6491bb4c72aa3c5a0ec4b3ee7e2f93a360f98b7f2dfeb58a887228803920890,,fcbf0427de5f85808fecb3400831cfd4,,,ok,,9a2a7fef7d7a5c68a9f42b668f16d5ee3eaadb4c3dacb601bbd18c359c576eb0
v1.0.0-demo-20261008T020017Z,DEMO-004,encrypt,local-structured,5,False,5984,6026,6,5982,2,0.00048485799925401807,11.770017444602791,197681,0.0,5.043948401398892,5.08651664531097,b6491bb4c72aa3c5a0ec4b3ee7e2f93a360f98b7f2dfeb58a887228803920890,,fcbf0427de5f85808fecb3400831cfd4,,,ok,,601020f60989e777ce501d22630c5870851fd332030a386d5ed7058dbbf73171
v1.0.0-demo-20261008T020017Z,DEMO-004,decrypt,local-structured,0,True,6026,5984,6,5982,2,0.00024593000034656143,23.36779336626555,198101,0.0,5.093406426532502,5.043948401398892,b6491bb4c72aa3c5a0ec4b3ee7e2f93a360f98b7f2dfeb58a887228803920890,b6491bb4c72aa3c5a0ec4b3ee7e2f93a360f98b7f2dfeb58a887228803920890,fcbf0427de5f85808fecb3400831cfd4,fcbf0427de5f85808fecb3400831cfd4,1,ok,,dfa6a2339d6e11ba0b0aad25d447fadf6e6394610882c1858ab2395df27698f2
v1.0.0-demo-20261008T020017Z,DEMO-004,decrypt,local-structured,1,False,6026,5984,6,5982,2,0.0002842230005626334,20.219480546218666,198101,0.0,5.093406426532502,5.043948401398892,b6491bb4c72aa3c5a0ec4b3ee7e2f93a360f98b7f2dfeb58a887228803920890,b6491bb4c72aa3c5a0ec4b3ee7e2f93a360f98b7f2dfeb58a887228803920890,fcbf0427de5f85808fecb3400831cfd4,fcbf0427de5f85808fecb3400831cfd4,1,ok,,dfa6a2339d6e11ba0b0aad25d447fadf6e6394610882c1858ab2395df27698f2
v1.0.0-demo-20261008T020017Z,DEMO-004,decrypt,local-structured,2,False,6026,5984,6,5982,2,0.0008326959996338701,6.901487977834532,198101,0.0,5.093406426532502,5.043948401398892,b6491bb4c72aa3c5a0ec4b3ee7e2f93a360f98b7f2dfeb58a887228803920890,b6491bb4c72aa3c5a0ec4b3ee7e2f93a360f98b7f2dfeb58a887228803920890,fcbf0427de5f85808fecb3400831cfd4,fcbf0427de5f85808fecb3400831cfd4,1,ok,,dfa6a2339d6e11ba0b0aad25d447fadf6e6394610882c1858ab2395df27698f2
v1.0.0-demo-20261008T020017Z,DEMO-004,decrypt,local-structured,3,False,6026,5984,6,5982,2,0.000328164000165998,17.5121019604743,198101,0.0,5.093406426532502,5.043948401398892,b6491bb4c72aa3c5a0ec4b3ee7e2f93a360f98b7f2dfeb58a887228803920890,b6491bb4c72aa3c5a0ec4b3ee7e2f93a360f98b7f2dfeb58a887228803920890,fcbf0427de5f85808fecb3400831cfd4,fcbf0427de5f85808fecb3400831cfd4,1,ok,,dfa6a2339d6e11ba0b0aad25d447fadf6e6394610882c1858ab2395df27698f2
v1.0.0-demo-20261008T020017Z,DEMO-004,decrypt,local-structured,4,False,6026,5984,6,5982,2,0.0003079939997405745,18.658939575136746,198101,0.0,5.093406426532502,5.043948401398892,b6491bb4c72aa3c5a0ec4b3ee7e2f93a360f98b7f2dfeb58a887228803920890,b6491bb4c72aa3c5a0ec4b3ee7e2f93a360f98b7f2dfeb58a887228803920890,fcbf0427de5f85808fecb3400831cfd4,fcbf0427de5f85808fecb3400831cfd4,1,ok,,dfa6a2339d6e11ba0b0aad25d447fadf6e6394610882c1858ab2395df27698f2
v1.0.0-demo-20261008T020017Z,DEMO-004,decrypt,local-structured,5,False,6026,5984,6,5982,2,0.00021979699977237033,26.146132279401893,198101,0.0,5.093406426532502,5.043948401398892,b6491bb4c72aa3c5a0ec4b3ee7e2f93a360f98b7f2dfeb58a887228803920890,b6491bb4c72aa3c5a0ec4b3ee7e2f93a360f98b7f2dfeb58a887228803920890,fcbf0427de5f85808fecb3400831cfd4,fcbf0427de5f85808fecb3400831cfd4,1,ok,,dfa6a2339d6e11ba0b0aad25d447fadf6e6394610882c1858ab2395df27698f2
v1.0.0-demo-20261008T020017Z,DEMO-005,encrypt,notebook-compatible,0,True,100000,100040,12,99996,4,0.0018575191497802734,51.34129123347452,1138625,0.0,7.998228743379484,7.998217071925062,2e4b55ced5b14b3a9e35a3881c570f3b807dfd629ce9fe38092f0b121ea72e9c,,1c303f676174fbb3e225b1f25e72478c,,,ok,,d54c7a358a925b4e6585639b59a86d7b0bda57b1265573e9bb444c759922a9ce
v1.0.0-demo-20261008T020017Z,DEMO-005,decrypt,notebook-compatible,0,True,100040,100000,12,99996,4,0.001260519027709961,75.68753546434651,1139537,0.0,7.998216346687232,7.998228743379484,2e4b55ced5b14b3a9e35a3881c570f3b807dfd629ce9fe38092f0b121ea72e9c,2e4b55ced5b14b3a9e35a3881c570f3b807dfd629ce9fe38092f0b121ea72e9c,1c303f676174fbb3e225b1f25e72478c,1c303f676174fbb3e225b1f25e72478c,1,ok,,d8806f962db9392de8f6d7210fae123ab33b9bd397a67b87d8df4c96b7bffef0
v1.0.0-demo-20261008T020017Z,DEMO-005,encrypt,local-structured,0,True,100000,100040,12,99996,4,0.002405654999165563,39.643020995822184,1138689,0.0,7.998228743379484,7.998209639592783,2e4b55ced5b14b3a9e35a3881c570f3b807dfd629ce9fe38092f0b121ea72e9c,,1c303f676174fbb3e225b1f25e72478c,,,ok,,a0a2280cb2d38e1ce574be181cb9aead490b7e314250f867d2d5a8531ced64d3
v1.0.0-demo-20261008T020017Z,DEMO-005,encrypt,local-structured,1,False,100000,100040,12,99996,4,0.0017755769995346782,53.71067076540063,1138689,0.0,7.998228743379484,7.99821513570699,2e4b55ced5b14b3a9e35a3881c570f3b807dfd629ce9fe38092f0b121ea72e9c,,1c303f676174fbb3e225b1f25e72478c,,,ok,,d134699f95b2b9e61a25a5c3b402c4fc31324c68377b4923608a4a302a883345
v1.0.0-demo-20261008T020017Z,DEMO-005,encrypt,local-structured,2,False,100000,100040,12,99996,4,0.002291783000146097,41.61276684334664,1138689,0.0,7.998228743379484,7.998212354318454,2e4b55ced5b14b3a9e35a3881c570f3b807dfd629ce9fe38092f0b121ea72e9c,,1c303f676174fbb3e225b1f25e72478c,,,ok,,4acc679d143d13f23180c74276a7dbf71e3d516b180afad25a5c90dd26130d46
v1.0.0-demo-20261008T020017Z,DEMO-005,encrypt,local-structured,3,False,100000,100040,12,99996,4,0.0018821419998857891,50.669626227145464,1138689,0.0,7.998228743379484,7.998215883981356,2e4b55ced5b14b3a9e35a3881c570f3b807dfd629ce9fe38092f0b121ea72e9c,,1c303f676174fbb3e225b1f25e72478c,,,ok,,79783f1480cab8d8eb4adb27c304e3defbbaa4b23ed8dc2d724afdc52be93043
v1.0.0-demo-20261008T020017Z,DEMO-005,encrypt,local-structured,4,False,100000,100040,12,99996,4,0.0019061989996771445,50.030155118525144,1138689,0.0,7.998228743379484,7.998217337100328,2e4b55ced5b14b3a9e35a3881c570f3b807dfd629ce9fe38092f0b121ea72e9c,,1c303f676174fbb3e225b1f25e72478c,,,ok,,117240b87a0c1dedaf786074d8b65e632d9c2f450157f7d4360475ae4dba798d
v1.0.0-demo-20261008T020017Z,DEMO-005,encrypt,local-structured,5,False,100000,100040,12,99996,4,0.001733570999931544,55.01212909329408,1138689,0.0,7.998228743379484,7.998214482012368,2e4b55ced5b14b3a9e35a3881c570f3b807dfd629ce9fe38092f0b121ea72e9c,,1c303f676174fbb3e225b1f25e72478c,,,ok,,c04f8a86484b0c29aeb9a169c1405a045e45fcbe5b4b6f4a5cb6b94c03635e8b
v1.0.0-demo-20261008T020017Z,DEMO-005,decrypt,local-structured,0,True,100040,100000,12,99996,4,0.0015291350000552484,62.39186115668937,1139537,0.0,7.998216346687232,7.998228743379484,2e4b55ced5b14b3a9e35a3881c570f3b807dfd629ce9fe38092f0b121ea72e9c,2e4b55ced5b14b3a9e35a3881c570f3b807dfd629ce9fe38092f0b121ea72e9c,1c303f676174fbb3e225b1f25e72478c,1c303f676174fbb3e225b1f25e72478c,1,ok,,d8806f962db9392de8f6d7210fae123ab33b9bd397a67b87d8df4c96b7bffef0
v1.0.0-demo-20261008T020017Z,DEMO-005,decrypt,local-structured,1,False,100040,100000,12,99996,4,0.001454547999856004,65.5912205184883,1139537,0.0,7.998216346687232,7.998228743379484,2e4b55ced5b14b3a9e35a3881c570f3b807dfd629ce9fe38092f0b121ea72e9c,2e4b55ced5b14b3a9e35a3881c570f3b807dfd629ce9fe38092f0b121ea72e9c,1c303f676174fbb3e225b1f25e72478c,1c303f676174fbb3e225b1f25e72478c,1,ok,,d8806f962db9392de8f6d7210fae123ab33b9bd397a67b87d8df4c96b7bffef0
v1.0.0-demo-20261008T020017Z,DEMO-005,decrypt,local-structured,2,False,100040,100000,12,99996,4,0.0016155670000443934,59.05392881301713,1139537,0.0,7.998216346687232,7.998228743379484,2e4b55ced5b14b3a9e35a3881c570f3b807dfd629ce9fe38092f0b121ea72e9c,2e4b55ced5b14b3a9e35a3881c570f3b807dfd629ce9fe38092f0b121ea72e9c,1c303f676174fbb3e225b1f25e72478c,1c303f676174fbb3e225b1f25e72478c,1,ok,,d8806f962db9392de8f6d7210fae123ab33b9bd397a67b87d8df4c96b7bffef0
v1.0.0-demo-20261008T020017Z,DEMO-005,decrypt,local-structured,3,False,100040,100000,12,99996,4,0.0017964839998967363,53.10683458286589,1139537,0.0,7.998216346687232,7.998228743379484,2e4b55ced5b14b3a9e35a3881c570f3b807dfd629ce9fe38092f0b121ea72e9c,2e4b55ced5b14b3a9e35a3881c570f3b807dfd629ce9fe38092f0b121ea72e9c,1c303f676174fbb3e225b1f25e72478c,1c303f676174fbb3e225b1f25e72478c,1,ok,,d8806f962db9392de8f6d7210fae123ab33b9bd397a67b87d8df4c96b7bffef0
v1.0.0-demo-20261008T020017Z,DEMO-005,decrypt,local-structured,4,False,100040,100000,12,99996,4,0.0013388689994826564,71.25833718619693,1139537,0.0,7.998216346687232,7.998228743379484,2e4b55ced5b14b3a9e35a3881c570f3b807dfd629ce9fe38092f0b121ea72e9c,2e4b55ced5b14b3a9e35a3881c570f3b807dfd629ce9fe38092f0b121ea72e9c,1c303f676174fbb3e225b1f25e72478c,1c303f676174fbb3e225b1f25e72478c,1,ok,,d8806f962db9392de8f6d7210fae123ab33b9bd397a67b87d8df4c96b7bffef0
v1.0.0-demo-20261008T020017Z,DEMO-005,decrypt,local-structured,5,False,100040,100000,12,99996,4,0.0014481049993264605,65.88305313334052,1139537,0.0,7.998216346687232,7.998228743379484,2e4b55ced5b14b3a9e35a3881c570f3b807dfd629ce9fe38092f0b121ea72e9c,2e4b55ced5b14b3a9e35a3881c570f3b807dfd629ce9fe38092f0b121ea72e9c,1c303f676174fbb3e225b1f25e72478c,1c303f676174fbb3e225b1f25e72478c,1,ok,,d8806f962db9392de8f6d7210fae123ab33b9bd397a67b87d8df4c96b7bffef0
v1.0.0-demo-20261008T020017Z,DEMO-006,encrypt,notebook-compatible,0,True,600000,600044,24,600000,0,0.01334381103515625,42.88164665523156,6142113,0.0,7.739479091546917,7.73951461939125,fdf54a6e3a21108278d1734ba325d7b42901c3ea4a5f63f9dd3bc870cafb4055,,2b29de25c136673f37362194116c2e0c,,,ok,,dcda8759a61f740d56e6540664fdc0f2dd4ff4c9fb87477069406fed1a0d73d7
v1.0.0-demo-20261008T020017Z,DEMO-006,decrypt,notebook-compatible,0,True,600044,600000,24,600000,0,0.01013326644897461,56.472071902498705,6144761,0.0,7.739514059134263,7.739479091546917,fdf54a6e3a21108278d1734ba325d7b42901c3ea4a5f63f9dd3bc870cafb4055,fdf54a6e3a21108278d1734ba325d7b42901c3ea4a5f63f9dd3bc870cafb4055,2b29de25c136673f37362194116c2e0c,2b29de25c136673f37362194116c2e0c,1,ok,,911d465b82086137be253c191abcf65f3ee05ce860debcbc83f9edf2280c4f5b
v1.0.0-demo-20261008T020017Z,DEMO-006,encrypt,local-structured,0,True,600000,600044,24,600000,0,0.012337956000010308,46.377583924214996,6142177,0.0,7.739479091546917,7.739506694434438,fdf54a6e3a21108278d1734ba325d7b42901c3ea4a5f63f9dd3bc870cafb4055,,2b29de25c136673f37362194116c2e0c,,,ok,,a3b4edf258674be5e291c1947950c6dccb8eda89483ed20afd4e8d87e85c412e
v1.0.0-demo-20261008T020017Z,DEMO-006,encrypt,local-structured,1,False,600000,600044,24,600000,0,0.012415684000188776,46.08723851501455,6142177,0.0,7.739479091546917,7.739517815539653,fdf54a6e3a21108278d1734ba325d7b42901c3ea4a5f63f9dd3bc870cafb4055,,2b29de25c136673f37362194116c2e0c,,,ok,,fbe9f81f0bbdeebf2ae49325ec3f866ac4c56192b4212cd05a140049d8faa0e1
v1.0.0-demo-20261008T020017Z,DEMO-006,encrypt,local-structured,2,False,600000,600044,24,600000,0,0.011163766000208852,51.25551626870764,6142177,0.0,7.739479091546917,7.739518498730478,fdf54a6e3a21108278d1734ba325d7b42901c3ea4a5f63f9dd3bc870cafb4055,,2b29de25c136673f37362194116c2e0c,,,ok,,6a6ba5086a4d839208aab461f2a20fd4e8b2bd225335107d156f05f33cac3868
v1.0.0-demo-20261008T020017Z,DEMO-006,encrypt,local-structured,3,False,600000,600044,24,600000,0,0.01056988199979969,54.13538106239917,6142177,0.0,7.739479091546917,7.739514224744409,fdf54a6e3a21108278d1734ba325d7b42901c3ea4a5f63f9dd3bc870cafb4055,,2b29de25c136673f37362194116c2e0c,,,ok,,30594d623bf1590b75b34d6d6d8fe90dda798a5aad468b02c7741354e5e46fd2
v1.0.0-demo-20261008T020017Z,DEMO-006,encrypt,local-structured,4,False,600000,600044,24,600000,0,0.013077661999886914,43.7543491985569,6142177,0.0,7.739479091546917,7.739509478121419,fdf54a6e3a21108278d1734ba325d7b42901c3ea4a5f63f9dd3bc870cafb4055,,2b29de25c136673f37362194116c2e0c,,,ok,,96627553d092f98e7b7c4b4635ccbf66ee54410d81551abd7bbb7c4139860244
v1.0.0-demo-20261008T020017Z,DEMO-006,encrypt,local-structured,5,False,600000,600044,24,600000,0,0.013446650999867416,42.55368789220394,6142177,0.0,7.739479091546917,7.739518915587267,fdf54a6e3a21108278d1734ba325d7b42901c3ea4a5f63f9dd3bc870cafb4055,,2b29de25c136673f37362194116c2e0c,,,ok,,7a29d260c6ae022c16d279675395d48d0470e00a633e385f0eb411b905ee9258
v1.0.0-demo-20261008T020017Z,DEMO-006,decrypt,local-structured,0,True,600044,600000,24,600000,0,0.010885083999710332,52.57162475998349,6144761,0.0,7.739514059134263,7.739479091546917,fdf54a6e3a21108278d1734ba325d7b42901c3ea4a5f63f9dd3bc870cafb4055,fdf54a6e3a21108278d1734ba325d7b42901c3ea4a5f63f9dd3bc870cafb4055,2b29de25c136673f37362194116c2e0c,2b29de25c136673f37362194116c2e0c,1,ok,,911d465b82086137be253c191abcf65f3ee05ce860debcbc83f9edf2280c4f5b
v1.0.0-demo-20261008T020017Z,DEMO-006,decrypt,local-structured,1,False,600044,600000,24,600000,0,0.012833249999857799,44.590929929675866,6144761,0.0,7.739514059134263,7.739479091546917,fdf54a6e3a21108278d1734ba325d7b42901c3ea4a5f63f9dd3bc870cafb4055,fdf54a6e3a21108278d1734ba325d7b42901c3ea4a5f63f9dd3bc870cafb4055,2b29de25c136673f37362194116c2e0c,2b29de25c136673f37362194116c2e0c,1,ok,,911d465b82086137be253c191abcf65f3ee05ce860debcbc83f9edf2280c4f5b
v1.0.0-demo-20261008T020017Z,DEMO-006,decrypt,local-structured,2,False,600044,600000,24,600000,0,0.012529833999906259,45.67072089845349,6144761,0.0,7.739514059134263,7.739479091546917,fdf54a6e3a21108278d1734ba325d7b42901c3ea4a5f63f9dd3bc870cafb4055,fdf54a6e3a21108278d1734ba325d7b42901c3ea4a5f63f9dd3bc870cafb4055,2b29de25c136673f37362194116c2e0c,2b29de25c136673f37362194116c2e0c,1,ok,,911d465b82086137be253c191abcf65f3ee05ce860debcbc83f9edf2280c4f5b
v1.0.0-demo-20261008T020017Z,DEMO-006,decrypt,local-structured,3,False,600044,600000,24,600000,0,0.0109497220000776,52.261285858181274,6144761,0.0,7.739514059134263,7.739479091546917,fdf54a6e3a21108278d1734ba325d7b42901c3ea4a5f63f9dd3bc870cafb4055,fdf54a6e3a21108278d1734ba325d7b42901c3ea4a5f63f9dd3bc870cafb4055,2b29de25c136673f37362194116c2e0c,2b29de25c136673f37362194116c2e0c,1,ok,,911d465b82086137be253c191abcf65f3ee05ce860debcbc83f9edf2280c4f5b
v1.0.0-demo-20261008T020017Z,DEMO-006,decrypt,local-structured,4,False,600044,600000,24,600000,0,0.010456908000378462,54.72425993352536,6144761,0.0,7.739514059134263,7.739479091546917,fdf54a6e3a21108278d1734ba325d7b42901c3ea4a5f63f9dd3bc870cafb4055,fdf54a6e3a21108278d1734ba325d7b42901c3ea4a5f63f9dd3bc870cafb4055,2b29de25c136673f37362194116c2e0c,2b29de25c136673f37362194116c2e0c,1,ok,,911d465b82086137be253c191abcf65f3ee05ce860debcbc83f9edf2280c4f5b
v1.0.0-demo-20261008T020017Z,DEMO-006,decrypt,local-structured,5,False,600044,600000,24,600000,0,0.010564282999439456,54.16804448953473,6144761,0.0,7.739514059134263,7.739479091546917,fdf54a6e3a21108278d1734ba325d7b42901c3ea4a5f63f9dd3bc870cafb4055,fdf54a6e3a21108278d1734ba325d7b42901c3ea4a5f63f9dd3bc870cafb4055,2b29de25c136673f37362194116c2e0c,2b29de25c136673f37362194116c2e0c,1,ok,,911d465b82086137be253c191abcf65f3ee05ce860debcbc83f9edf2280c4f5b
v1.0.0-demo-20261008T020017Z,DEMO-007,encrypt,notebook-compatible,0,True,486,530,6,486,0,0.0006692409515380859,0.6925543284645529,144149,0.0,6.601590932696002,6.636788614169715,c28c253738d9be21167fadd1d88f386f813fca687660cbd72938635bb6eedcb2,,d6cc5a55204734d703f58987450de8a4,,,ok,,b365e9696199dfc10c1816f344e8cf703f1f8bd6a28ee949b4da9cfd3a66646c
v1.0.0-demo-20261008T020017Z,DEMO-007,decrypt,notebook-compatible,0,True,530,486,6,486,0,0.0003342628479003906,1.5121255349500713,143141,0.0,6.687324490527565,6.601590932696002,c28c253738d9be21167fadd1d88f386f813fca687660cbd72938635bb6eedcb2,c28c253738d9be21167fadd1d88f386f813fca687660cbd72938635bb6eedcb2,d6cc5a55204734d703f58987450de8a4,d6cc5a55204734d703f58987450de8a4,1,ok,,cdf670262e7f878b246f969464bde10c8feee00001f1eb68c150aa7d2dbd9825
v1.0.0-demo-20261008T020017Z,DEMO-007,encrypt,local-structured,0,True,486,530,6,486,0,0.0014844689994788496,0.3122232380306714,144181,0.0,6.601590932696002,6.6532520228542715,c28c253738d9be21167fadd1d88f386f813fca687660cbd72938635bb6eedcb2,,d6cc5a55204734d703f58987450de8a4,,,ok,,984eddf86653b8cb645ea59f0fc0a11136429554be812137200d5aca1f064429
v1.0.0-demo-20261008T020017Z,DEMO-007,encrypt,local-structured,1,False,486,530,6,486,0,0.0008438430004389375,0.549255865762172,144181,0.0,6.601590932696002,6.664372043289111,c28c253738d9be21167fadd1d88f386f813fca687660cbd72938635bb6eedcb2,,d6cc5a55204734d703f58987450de8a4,,,ok,,7d3494e62a6b0c40d6cc5683dd8d48c4120a7abeb3cebe0bedd3cad15163cbd1
v1.0.0-demo-20261008T020017Z,DEMO-007,encrypt,local-structured,2,False,486,530,6,486,0,0.0007346709999183076,0.6308752051257981,144181,0.0,6.601590932696002,6.668030976397032,c28c253738d9be21167fadd1d88f386f813fca687660cbd72938635bb6eedcb2,,d6cc5a55204734d703f58987450de8a4,,,ok,,85ae073e30f2d76a1ce2bfeb6c7efeea2675b292749b87f18b9cc802f15bdd76
v1.0.0-demo-20261008T020017Z,DEMO-007,encrypt,local-structured,3,False,486,530,6,486,0,0.0006429259992728475,0.7209005675577627,144181,0.0,6.601590932696002,6.658205316565876,c28c253738d9be21167fadd1d88f386f813fca687660cbd72938635bb6eedcb2,,d6cc5a55204734d703f58987450de8a4,,,ok,,06f35c75d8b51e7ccb702d7a254bab5d83855517786f729e438500fcd99dfc10
v1.0.0-demo-20261008T020017Z,DEMO-007,encrypt,local-structured,4,False,486,530,6,486,0,0.0005884880001758575,0.7875873724441864,144181,0.0,6.601590932696002,6.665916873209925,c28c253738d9be21167fadd1d88f386f813fca687660cbd72938635bb6eedcb2,,d6cc5a55204734d703f58987450de8a4,,,ok,,04666989dcbfe5cd75b71915a882eeeb4c80843c8dfe23bb917f63036948944c
v1.0.0-demo-20261008T020017Z,DEMO-007,encrypt,local-structured,5,False,486,530,6,486,0,0.001044356000420521,0.4438005024980084,144181,0.0,6.601590932696002,6.693883973268591,c28c253738d9be21167fadd1d88f386f813fca687660cbd72938635bb6eedcb2,,d6cc5a55204734d703f58987450de8a4,,,ok,,f1a21ec2f931e81cb4e169544e6ce5a2d1ef4254947547b56fe0a171ee6545be
v1.0.0-demo-20261008T020017Z,DEMO-007,decrypt,local-structured,0,True,530,486,6,486,0,0.00031356500039692037,1.6119381533509844,143141,0.0,6.687324490527565,6.601590932696002,c28c253738d9be21167fadd1d88f386f813fca687660cbd72938635bb6eedcb2,c28c253738d9be21167fadd1d88f386f813fca687660cbd72938635bb6eedcb2,d6cc5a55204734d703f58987450de8a4,d6cc5a55204734d703f58987450de8a4,1,ok,,cdf670262e7f878b246f969464bde10c8feee00001f1eb68c150aa7d2dbd9825
v1.0.0-demo-20261008T020017Z,DEMO-007,decrypt,local-structured,1,False,530,486,6,486,0,0.00022014000023773406,2.2960270153060267,143141,0.0,6.687324490527565,6.601590932696002,c28c253738d9be21167fadd1d88f386f813fca687660cbd72938635bb6eedcb2,c28c253738d9be21167fadd1d88f386f813fca687660cbd72938635bb6eedcb2,d6cc5a55204734d703f58987450de8a4,d6cc5a55204734d703f58987450de8a4,1,ok,,cdf670262e7f878b246f969464bde10c8feee00001f1eb68c150aa7d2dbd9825
v1.0.0-demo-20261008T020017Z,DEMO-007,decrypt,local-structured,2,False,530,486,6,486,0,0.000673047999953269,0.7509826754264282,143141,0.0,6.687324490527565,6.601590932696002,c28c253738d9be21167fadd1d88f386f813fca687660cbd72938635bb6eedcb2,c28c253738d9be21167fadd1d88f386f813fca687660cbd72938635bb6eedcb2,d6cc5a55204734d703f58987450de8a4,d6cc5a55204734d703f58987450de8a4,1,ok,,cdf670262e7f878b246f969464bde10c8feee00001f1eb68c150aa7d2dbd9825
v1.0.0-demo-20261008T020017Z,DEMO-007,decrypt,local-structured,3,False,530,486,6,486,0,0.0002174460005335277,2.3244731402515644,143141,0.0,6.687324490527565,6.601590932696002,c28c253738d9be21167fadd1d88f386f813fca687660cbd72938635bb6eedcb2,c28c253738d9be21167fadd1d88f386f813fca687660cbd72938635bb6eedcb2,d6cc5a55204734d703f58987450de8a4,d6cc5a55204734d703f58987450de8a4,1,ok,,cdf670262e7f878b246f969464bde10c8feee00001f1eb68c150aa7d2dbd9825
v1.0.0-demo-20261008T020017Z,DEMO-007,decrypt,local-structured,4,False,530,486,6,486,0,0.00027564199990592897,1.833709622872463,143141,0.0,6.687324490527565,6.601590932696002,c28c253738d9be21167fadd1d88f386f813fca687660cbd72938635bb6eedcb2,c28c253738d9be21167fadd1d88f386f813fca687660cbd72938635bb6eedcb2,d6cc5a55204734d703f58987450de8a4,d6cc5a55204734d703f58987450de8a4,1,ok,,cdf670262e7f878b246f969464bde10c8feee00001f1eb68c150aa7d2dbd9825
v1.0.0-demo-20261008T020017Z,DEMO-007,decrypt,local-structured,5,False,530,486,6,486,0,0.00018646599983185297,2.710667833015688,143141,0.0,6.687324490527565,6.601590932696002,c28c253738d9be21167fadd1d88f386f813fca687660cbd72938635bb6eedcb2,c28c253738d9be21167fadd1d88f386f813fca687660cbd72938635bb6eedcb2,d6cc5a55204734d703f58987450de8a4,d6cc5a55204734d703f58987450de8a4,1,ok,,cdf670262e7f878b246f969464bde10c8feee00001f1eb68c150aa7d2dbd9825
v1.0.0-demo-20261008T020017Z,DEMO-008,encrypt,notebook-compatible,0,True,5200000,5200044,48,5199984,16,0.1904582977294922,26.03775474437935,52155809,0.0,7.999966258567109,7.999966273199984,043d39048eaade3a19ad2c5c826bc898595f6d7a21dbf1b957ec0ad9b6a0fa2b,,fc63da63ccae5d5a06102fb115a2bd3a,,,ok,,c83f8f240a7ac2a6b107154cf20cc01e7119bb7d43104008b60a6b65a517b675
v1.0.0-demo-20261008T020017Z,DEMO-008,decrypt,notebook-compatible,0,True,5200044,5200000,48,5199984,16,0.17636585235595703,28.118529413355105,52165369,0.0,7.999966259071881,7.999966258567109,043d39048eaade3a19ad2c5c826bc898595f6d7a21dbf1b957ec0ad9b6a0fa2b,043d39048eaade3a19ad2c5c826bc898595f6d7a21dbf1b957ec0ad9b6a0fa2b,fc63da63ccae5d5a06102fb115a2bd3a,fc63da63ccae5d5a06102fb115a2bd3a,1,ok,,2cd7df0d3bd58fb9cf591ac653e2b0fb5d65366d0652db84a992dcafffb60ed1
v1.0.0-demo-20261008T020017Z,DEMO-008,encrypt,local-structured,0,True,5200000,5200044,48,5199984,16,0.2256768409997676,21.974370180578727,52155873,0.0,7.999966258567109,7.99996627256048,043d39048eaade3a19ad2c5c826bc898595f6d7a21dbf1b957ec0ad9b6a0fa2b,,fc63da63ccae5d5a06102fb115a2bd3a,,,ok,,f80a2de991dfc9ed49332764ee23822eed37099ef3bcb45d5db36e006def9987
v1.0.0-demo-20261008T020017Z,DEMO-008,encrypt,local-structured,1,False,5200000,5200044,48,5199984,16,0.18859570200038434,26.294907003248642,52155873,0.0,7.999966258567109,7.999966270145921,043d39048eaade3a19ad2c5c826bc898595f6d7a21dbf1b957ec0ad9b6a0fa2b,,fc63da63ccae5d5a06102fb115a2bd3a,,,ok,,261e390d98e3b323ccd20aaf43960aa8ebc322c1bc72b9aad79dbdb2dd4480ba
v1.0.0-demo-20261008T020017Z,DEMO-008,encrypt,local-structured,2,False,5200000,5200044,48,5199984,16,0.18684744399979536,26.540938099843267,52155873,0.0,7.999966258567109,7.999966263262636,043d39048eaade3a19ad2c5c826bc898595f6d7a21dbf1b957ec0ad9b6a0fa2b,,fc63da63ccae5d5a06102fb115a2bd3a,,,ok,,802e1c6b885b46db85a3bd1d74a32486d4b65ae345db773b26c7fbc2bef5c2d2
v1.0.0-demo-20261008T020017Z,DEMO-008,encrypt,local-structured,3,False,5200000,5200044,48,5199984,16,0.18615884600058052,26.639112520589194,52155873,0.0,7.999966258567109,7.9999662652705235,043d39048eaade3a19ad2c5c826bc898595f6d7a21dbf1b957ec0ad9b6a0fa2b,,fc63da63ccae5d5a06102fb115a2bd3a,,,ok,,28e972bb192f36125860ef4cd1bfd0ac8400a63b67fd16dbe981f8770a523a89
v1.0.0-demo-20261008T020017Z,DEMO-008,encrypt,local-structured,4,False,5200000,5200044,48,5199984,16,0.2287807070006238,21.676244078129272,52155873,0.0,7.999966258567109,7.999966274498575,043d39048eaade3a19ad2c5c826bc898595f6d7a21dbf1b957ec0ad9b6a0fa2b,,fc63da63ccae5d5a06102fb115a2bd3a,,,ok,,8574109afe27b3831d5bed8965eafde0768ce5465bab069d2a7efbf1ccbdb07d
v1.0.0-demo-20261008T020017Z,DEMO-008,encrypt,local-structured,5,False,5200000,5200044,48,5199984,16,0.1892348809997202,26.206090648371706,52155873,0.0,7.999966258567109,7.99996628522459,043d39048eaade3a19ad2c5c826bc898595f6d7a21dbf1b957ec0ad9b6a0fa2b,,fc63da63ccae5d5a06102fb115a2bd3a,,,ok,,2e4008aacf9483a7a8ddee0b1d8d1dc43584dad1af5261c0743331f2b8df7627
v1.0.0-demo-20261008T020017Z,DEMO-008,decrypt,local-structured,0,True,5200044,5200000,48,5199984,16,0.17385220699998172,28.52508169184728,52165369,0.0,7.999966259071881,7.999966258567109,043d39048eaade3a19ad2c5c826bc898595f6d7a21dbf1b957ec0ad9b6a0fa2b,043d39048eaade3a19ad2c5c826bc898595f6d7a21dbf1b957ec0ad9b6a0fa2b,fc63da63ccae5d5a06102fb115a2bd3a,fc63da63ccae5d5a06102fb115a2bd3a,1,ok,,2cd7df0d3bd58fb9cf591ac653e2b0fb5d65366d0652db84a992dcafffb60ed1
v1.0.0-demo-20261008T020017Z,DEMO-008,decrypt,local-structured,1,False,5200044,5200000,48,5199984,16,0.1719027740000456,28.848565334850885,52165369,0.0,7.999966259071881,7.999966258567109,043d39048eaade3a19ad2c5c826bc898595f6d7a21dbf1b957ec0ad9b6a0fa2b,043d39048eaade3a19ad2c5c826bc898595f6d7a21dbf1b957ec0ad9b6a0fa2b,fc63da63ccae5d5a06102fb115a2bd3a,fc63da63ccae5d5a06102fb115a2bd3a,1,ok,,2cd7df0d3bd58fb9cf591ac653e2b0fb5d65366d0652db84a992dcafffb60ed1
v1.0.0-demo-20261008T020017Z,DEMO-008,decrypt,local-structured,2,False,5200044,5200000,48,5199984,16,0.17821068699959142,27.827446773681938,52165369,0.0,7.999966259071881,7.999966258567109,043d39048eaade3a19ad2c5c826bc898595f6d7a21dbf1b957ec0ad9b6a0fa2b,043d39048eaade3a19ad2c5c826bc898595f6d7a21dbf1b957ec0ad9b6a0fa2b,fc63da63ccae5d5a06102fb115a2bd3a,fc63da63ccae5d5a06102fb115a2bd3a,1,ok,,2cd7df0d3bd58fb9cf591ac653e2b0fb5d65366d0652db84a992dcafffb60ed1
v1.0.0-demo-20261008T020017Z,DEMO-008,decrypt,local-structured,3,False,5200044,5200000,48,5199984,16,0.18386674700013828,26.9714262523973,52165369,0.0,7.999966259071881,7.999966258567109,043d39048eaade3a19ad2c5c826bc898595f6d7a21dbf1b957ec0ad9b6a0fa2b,043d39048eaade3a19ad2c5c826bc898595f6d7a21dbf1b957ec0ad9b6a0fa2b,fc63da63ccae5d5a06102fb115a2bd3a,fc63da63ccae5d5a06102fb115a2bd3a,1,ok,,2cd7df0d3bd58fb9cf591ac653e2b0fb5d65366d0652db84a992dcafffb60ed1
v1.0.0-demo-20261008T020017Z,DEMO-008,decrypt,local-structured,4,False,5200044,5200000,48,5199984,16,0.16305080599977373,30.41474328553337,52165369,0.0,7.999966259071881,7.999966258567109,043d39048eaade3a19ad2c5c826bc898595f6d7a21dbf1b957ec0ad9b6a0fa2b,043d39048eaade3a19ad2c5c826bc898595f6d7a21dbf1b957ec0ad9b6a0fa2b,fc63da63ccae5d5a06102fb115a2bd3a,fc63da63ccae5d5a06102fb115a2bd3a,1,ok,,2cd7df0d3bd58fb9cf591ac653e2b0fb5d65366d0652db84a992dcafffb60ed1
v1.0.0-demo-20261008T020017Z,DEMO-008,decrypt,local-structured,5,False,5200044,5200000,48,5199984,16,0.17082137600027636,29.031193420280133,52165369,0.0,7.999966259071881,7.999966258567109,043d39048eaade3a19ad2c5c826bc898595f6d7a21dbf1b957ec0ad9b6a0fa2b,043d39048eaade3a19ad2c5c826bc898595f6d7a21dbf1b957ec0ad9b6a0fa2b,fc63da63ccae5d5a06102fb115a2bd3a,fc63da63ccae5d5a06102fb115a2bd3a,1,ok,,2cd7df0d3bd58fb9cf591ac653e2b0fb5d65366d0652db84a992dcafffb60ed1
v1.0.0-demo-20261008T020017Z,DEMO-009,encrypt,notebook-compatible,0,True,100000,100044,8,100000,0,0.0015208721160888672,62.70575325286095,1138017,0.0,5.03470549018692,5.0393310209124245,6d72612053372c8bd45600cb71e1be8ef1f45042f2e8303dec2456ee8a645e66,,d9ca9442235479899f63e9dd6ab3e3fb,,,ok,,77c7f583316238375086548990df775181c9ef8a78dd4904320fde10774c903f
v1.0.0-demo-20261008T020017Z,DEMO-009,decrypt,notebook-compatible,0,True,100044,100000,8,100000,0,0.0017178058624267578,55.54142956280361,1138617,0.0,5.0392550821217315,5.03470549018692,6d72612053372c8bd45600cb71e1be8ef1f45042f2e8303dec2456ee8a645e66,6d72612053372c8bd45600cb71e1be8ef1f45042f2e8303dec2456ee8a645e66,d9ca9442235479899f63e9dd6ab3e3fb,d9ca9442235479899f63e9dd6ab3e3fb,1,ok,,3ecd05717476c4323e9c82fd7bbf7bfbe08bc453cf58c0b1d80f8ed94fca6a70
v1.0.0-demo-20261008T020017Z,DEMO-009,encrypt,local-structured,0,True,100000,100044,8,100000,0,0.001355514999886509,70.35512823436825,1138081,0.0,5.03470549018692,5.039615888327262,6d72612053372c8bd45600cb71e1be8ef1f45042f2e8303dec2456ee8a645e66,,d9ca9442235479899f63e9dd6ab3e3fb,,,ok,,e7249abbd4060f722fa52e6dfb6ede6b150d2eb6937b161f1345df5124ffb301
v1.0.0-demo-20261008T020017Z,DEMO-009,encrypt,local-structured,1,False,100000,100044,8,100000,0,0.0013270859999465756,71.86228446721931,1138081,0.0,5.03470549018692,5.039380112741171,6d72612053372c8bd45600cb71e1be8ef1f45042f2e8303dec2456ee8a645e66,,d9ca9442235479899f63e9dd6ab3e3fb,,,ok,,0b9534f685f19ede9aa4f1fb1d7ca1ee849ba1e6b601612c18d0ab6ba72798de
v1.0.0-demo-20261008T020017Z,DEMO-009,encrypt,local-structured,2,False,100000,100044,8,100000,0,0.001372729000649997,69.47287599771538,1138081,0.0,5.03470549018692,5.039387566210034,6d72612053372c8bd45600cb71e1be8ef1f45042f2e8303dec2456ee8a645e66,,d9ca9442235479899f63e9dd6ab3e3fb,,,ok,,857852e4272d388395d4fdc1641000dba8875ff33ad86f807a8dc1bb261595e9
v1.0.0-demo-20261008T020017Z,DEMO-009,encrypt,local-structured,3,False,100000,100044,8,100000,0,0.0013403470002231188,71.15130009225209,1138081,0.0,5.03470549018692,5.03917460090452,6d72612053372c8bd45600cb71e1be8ef1f45042f2e8303dec2456ee8a645e66,,d9ca9442235479899f63e9dd6ab3e3fb,,,ok,,00a1b6d2732357fa9c4049fcbf747b82a03a98f6e629cd8fe05282811212e3d3
v1.0.0-demo-20261008T020017Z,DEMO-009,encrypt,local-structured,4,False,100000,100044,8,100000,0,0.0013746579998041852,69.37538766312038,1138081,0.0,5.03470549018692,5.039450502557816,6d72612053372c8bd45600cb71e1be8ef1f45042f2e8303dec2456ee8a645e66,,d9ca9442235479899f63e9dd6ab3e3fb,,,ok,,ac414494da178f88b2d057ba14963ced3049e3c0dc841cca9fa99b18033e988e
v1.0.0-demo-20261008T020017Z,DEMO-009,encrypt,local-structured,5,False,100000,100044,8,100000,0,0.0013894220001020585,68.63820468771898,1138081,0.0,5.03470549018692,5.039400197626533,6d72612053372c8bd45600cb71e1be8ef1f45042f2e8303dec2456ee8a645e66,,d9ca9442235479899f63e9dd6ab3e3fb,,,ok,,db596f0352df3c713cc752ac20c88634aa25347d542c3f4e3a0b44fbd61bb70f
v1.0.0-demo-20261008T020017Z,DEMO-009,decrypt,local-structured,0,True,100044,100000,8,100000,0,0.001383335000355146,68.97056265189,1138617,0.0,5.0392550821217315,5.03470549018692,6d72612053372c8bd45600cb71e1be8ef1f45042f2e8303dec2456ee8a645e66,6d72612053372c8bd45600cb71e1be8ef1f45042f2e8303dec2456ee8a645e66,d9ca9442235479899f63e9dd6ab3e3fb,d9ca9442235479899f63e9dd6ab3e3fb,1,ok,,3ecd05717476c4323e9c82fd7bbf7bfbe08bc453cf58c0b1d80f8ed94fca6a70
v1.0.0-demo-20261008T020017Z,DEMO-009,decrypt,local-structured,1,False,100044,100000,8,100000,0,0.002274008000313188,41.95648972976639,1138617,0.0,5.0392550821217315,5.03470549018692,6d72612053372c8bd45600cb71e1be8ef1f45042f2e8303dec2456ee8a645e66,6d72612053372c8bd45600cb71e1be8ef1f45042f2e8303dec2456ee8a645e66,d9ca9442235479899f63e9dd6ab3e3fb,d9ca9442235479899f63e9dd6ab3e3fb,1,ok,,3ecd05717476c4323e9c82fd7bbf7bfbe08bc453cf58c0b1d80f8ed94fca6a70
v1.0.0-demo-20261008T020017Z,DEMO-009,decrypt,local-structured,2,False,100044,100000,8,100000,0,0.0011950910002269666,79.83441703805579,1138617,0.0,5.0392550821217315,5.03470549018692,6d72612053372c8bd45600cb71e1be8ef1f45042f2e8303dec2456ee8a645e66,6d72612053372c8bd45600cb71e1be8ef1f45042f2e8303dec2456ee8a645e66,d9ca9442235479899f63e9dd6ab3e3fb,d9ca9442235479899f63e9dd6ab3e3fb,1,ok,,3ecd05717476c4323e9c82fd7bbf7bfbe08bc453cf58c0b1d80f8ed94fca6a70
v1.0.0-demo-20261008T020017Z,DEMO-009,decrypt,local-structured,3,False,100044,100000,8,100000,0,0.001065041000401834,89.58283603593613,1138617,0.0,5.0392550821217315,5.03470549018692,6d72612053372c8bd45600cb71e1be8ef1f45042f2e8303dec2456ee8a645e66,6d72612053372c8bd45600cb71e1be8ef1f45042f2e8303dec2456ee8a645e66,d9ca9442235479899f63e9dd6ab3e3fb,d9ca9442235479899f63e9dd6ab3e3fb,1,ok,,3ecd05717476c4323e9c82fd7bbf7bfbe08bc453cf58c0b1d80f8ed94fca6a70
v1.0.0-demo-20261008T020017Z,DEMO-009,decrypt,local-structured,4,False,100044,100000,8,100000,0,0.0012737230008497136,74.90592008380024,1138617,0.0,5.0392550821217315,5.03470549018692,6d72612053372c8bd45600cb71e1be8ef1f45042f2e8303dec2456ee8a645e66,6d72612053372c8bd45600cb71e1be8ef1f45042f2e8303dec2456ee8a645e66,d9ca9442235479899f63e9dd6ab3e3fb,d9ca9442235479899f63e9dd6ab3e3fb,1,ok,,3ecd05717476c4323e9c82fd7bbf7bfbe08bc453cf58c0b1d80f8ed94fca6a70
v1.0.0-demo-20261008T020017Z,DEMO-009,decrypt,local-structured,5,False,100044,100000,8,100000,0,0.0009961749992726254,95.77573556876223,1138617,0.0,5.0392550821217315,5.03470549018692,6d72612053372c8bd45600cb71e1be8ef1f45042f2e8303dec2456ee8a645e66,6d72612053372c8bd45600cb71e1be8ef1f45042f2e8303dec2456ee8a645e66,d9ca9442235479899f63e9dd6ab3e3fb,d9ca9442235479899f63e9dd6ab3e3fb,1,ok,,3ecd05717476c4323e9c82fd7bbf7bfbe08bc453cf58c0b1d80f8ed94fca6a70
v1.0.0-demo-20261008T020017Z,DEMO-010,encrypt,notebook-compatible,0,True,600000,600044,16,600000,0,0.008408784866333008,68.04842779778275,6139553,0.0,5.045034880289591,5.04601387513979,d72c2eef0b3d22bc2f78cd9fcfa62ceb70bc0f0af23d2c103ee7a4599baeec2a,,afe06afb188254159288ed77816adabe,,,ok,,fd9670d19e0e08af68d622fce6ca45a4b07328bf3a33f98b5f9302a57fd7b053
v1.0.0-demo-20261008T020017Z,DEMO-010,decrypt,notebook-compatible,0,True,600044,600000,16,600000,0,0.007429361343383789,77.02499919771509,6140921,0.0,5.046038424205119,5.045034880289591,d72c2eef0b3d22bc2f78cd9fcfa62ceb70bc0f0af23d2c103ee7a4599baeec2a,d72c2eef0b3d22bc2f78cd9fcfa62ceb70bc0f0af23d2c103ee7a4599baeec2a,afe06afb188254159288ed77816adabe,afe06afb188254159288ed77816adabe,1,ok,,fe13919640c13d5bc0b3357762d1b89f55c1e23962aceabea6817f5db4636823
v1.0.0-demo-20261008T020017Z,DEMO-010,encrypt,local-structured,0,True,600000,600044,16,600000,0,0.008832711000650306,64.78244219714894,6139617,0.0,5.045034880289591,5.045944556949636,d72c2eef0b3d22bc2f78cd9fcfa62ceb70bc0f0af23d2c103ee7a4599baeec2a,,afe06afb188254159288ed77816adabe,,,ok,,7398c7d4d5cd0f305554d3982434154bfa6f8872e6be6f4dda9fb6abe1e6509e
v1.0.0-demo-20261008T020017Z,DEMO-010,encrypt,local-structured,1,False,600000,600044,16,600000,0,0.012940483999955177,44.21817528971343,6139617,0.0,5.045034880289591,5.046015824387979,d72c2eef0b3d22bc2f78cd9fcfa62ceb70bc0f0af23d2c103ee7a4599baeec2a,,afe06afb188254159288ed77816adabe,,,ok,,ab821074948671946f4f71bb7e2e923a3537b54edf0467af8b536b43a752fa41
v1.0.0-demo-20261008T020017Z,DEMO-010,encrypt,local-structured,2,False,600000,600044,16,600000,0,0.012901769000563945,44.35086303426596,6139617,0.0,5.045034880289591,5.045953293858975,d72c2eef0b3d22bc2f78cd9fcfa62ceb70bc0f0af23d2c103ee7a4599baeec2a,,afe06afb188254159288ed77816adabe,,,ok,,826e8372fc438b821fd3ec09072abef66f3957bab8f6833dbc6033d40d59c08e
v1.0.0-demo-20261008T020017Z,DEMO-010,encrypt,local-structured,3,False,600000,600044,16,600000,0,0.010054738000690122,56.90895076574605,6139617,0.0,5.045034880289591,5.04602487185665,d72c2eef0b3d22bc2f78cd9fcfa62ceb70bc0f0af23d2c103ee7a4599baeec2a,,afe06afb188254159288ed77816adabe,,,ok,,8ce9f815e32f15bcb6163accab084dbd1f7674ddeca87192e0bd275d9f588ac7
v1.0.0-demo-20261008T020017Z,DEMO-010,encrypt,local-structured,4,False,600000,600044,16,600000,0,0.012116083999899274,47.226858929709216,6139617,0.0,5.045034880289591,5.046006233289384,d72c2eef0b3d22bc2f78cd9fcfa62ceb70bc0f0af23d2c103ee7a4599baeec2a,,afe06afb188254159288ed77816adabe,,,ok,,f3e6b4155aecaea3fc37ca1b76c94176db3464885dbab2fef49f362fd351c6a3
v1.0.0-demo-20261008T020017Z,DEMO-010,encrypt,local-structured,5,False,600000,600044,16,600000,0,0.010460997999871324,54.69885281029481,6139617,0.0,5.045034880289591,5.045992213952614,d72c2eef0b3d22bc2f78cd9fcfa62ceb70bc0f0af23d2c103ee7a4599baeec2a,,afe06afb188254159288ed77816adabe,,,ok,,f92528cbf3a063e32c9f108d2a374ede96e5de0592545baa0a668ddb88c5934b
v1.0.0-demo-20261008T020017Z,DEMO-010,decrypt,local-structured,0,True,600044,600000,16,600000,0,0.009505737999461417,60.200118238699055,6140921,0.0,5.046038424205119,5.045034880289591,d72c2eef0b3d22bc2f78cd9fcfa62ceb70bc0f0af23d2c103ee7a4599baeec2a,d72c2eef0b3d22bc2f78cd9fcfa62ceb70bc0f0af23d2c103ee7a4599baeec2a,afe06afb188254159288ed77816adabe,afe06afb188254159288ed77816adabe,1,ok,,fe13919640c13d5bc0b3357762d1b89f55c1e23962aceabea6817f5db4636823
v1.0.0-demo-20261008T020017Z,DEMO-010,decrypt,local-structured,1,False,600044,600000,16,600000,0,0.011137778999909642,51.37887468572633,6140921,0.0,5.046038424205119,5.045034880289591,d72c2eef0b3d22bc2f78cd9fcfa62ceb70bc0f0af23d2c103ee7a4599baeec2a,d72c2eef0b3d22bc2f78cd9fcfa62ceb70bc0f0af23d2c103ee7a4599baeec2a,afe06afb188254159288ed77816adabe,afe06afb188254159288ed77816adabe,1,ok,,fe13919640c13d5bc0b3357762d1b89f55c1e23962aceabea6817f5db4636823
v1.0.0-demo-20261008T020017Z,DEMO-010,decrypt,local-structured,2,False,600044,600000,16,600000,0,0.011997188000350434,47.698389947457414,6140921,0.0,5.046038424205119,5.045034880289591,d72c2eef0b3d22bc2f78cd9fcfa62ceb70bc0f0af23d2c103ee7a4599baeec2a,d72c2eef0b3d22bc2f78cd9fcfa62ceb70bc0f0af23d2c103ee7a4599baeec2a,afe06afb188254159288ed77816adabe,afe06afb188254159288ed77816adabe,1,ok,,fe13919640c13d5bc0b3357762d1b89f55c1e23962aceabea6817f5db4636823
v1.0.0-demo-20261008T020017Z,DEMO-010,decrypt,local-structured,3,False,600044,600000,16,600000,0,0.008754834000683331,65.36349535228274,6140921,0.0,5.046038424205119,5.045034880289591,d72c2eef0b3d22bc2f78cd9fcfa62ceb70bc0f0af23d2c103ee7a4599baeec2a,d72c2eef0b3d22bc2f78cd9fcfa62ceb70bc0f0af23d2c103ee7a4599baeec2a,afe06afb188254159288ed77816adabe,afe06afb188254159288ed77816adabe,1,ok,,fe13919640c13d5bc0b3357762d1b89f55c1e23962aceabea6817f5db4636823
v1.0.0-demo-20261008T020017Z,DEMO-010,decrypt,local-structured,4,False,600044,600000,16,600000,0,0.008253682000031404,69.3322751605277,6140921,0.0,5.046038424205119,5.045034880289591,d72c2eef0b3d22bc2f78cd9fcfa62ceb70bc0f0af23d2c103ee7a4599baeec2a,d72c2eef0b3d22bc2f78cd9fcfa62ceb70bc0f0af23d2c103ee7a4599baeec2a,afe06afb188254159288ed77816adabe,afe06afb188254159288ed77816adabe,1,ok,,fe13919640c13d5bc0b3357762d1b89f55c1e23962aceabea6817f5db4636823
v1.0.0-demo-20261008T020017Z,DEMO-010,decrypt,local-structured,5,False,600044,600000,16,600000,0,0.007645204000255035,74.85039660087322,6140921,0.0,5.046038424205119,5.045034880289591,d72c2eef0b3d22bc2f78cd9fcfa62ceb70bc0f0af23d2c103ee7a4599baeec2a,d72c2eef0b3d22bc2f78cd9fcfa62ceb70bc0f0af23d2c103ee7a4599baeec2a,afe06afb188254159288ed77816adabe,afe06afb188254159288ed77816adabe,1,ok,,fe13919640c13d5bc0b3357762d1b89f55c1e23962aceabea6817f5db4636823
v1.0.0-demo-20261008T020017Z,DEMO-011,encrypt,notebook-compatible,0,True,5200000,5200044,32,5200000,0,0.1619722843170166,30.617006275014315,52145697,0.0,-0.0,0.0001594885332696795,3a52e3d833b7edf051458509f316d1aa26aa783cdcd913baf2459e31da138156,,91f5b77c8a17684cf2825477a8d8e11a,,,ok,,8759d87849f18089442a35d2d40be9224ffed00aa2aec6e4361f1d5afc401c33
v1.0.0-demo-20261008T020017Z,DEMO-011,decrypt,notebook-compatible,0,True,5200044,5200000,32,5200000,0,0.11840248107910156,41.88382170530148,52150137,0.0,0.00016290250007293893,-0.0,3a52e3d833b7edf051458509f316d1aa26aa783cdcd913baf2459e31da138156,3a52e3d833b7edf051458509f316d1aa26aa783cdcd913baf2459e31da138156,91f5b77c8a17684cf2825477a8d8e11a,91f5b77c8a17684cf2825477a8d8e11a,1,ok,,b116c370696b87d8e0b6ae88959e229e26193ca98fba18d94be6832b6887b7ed
v1.0.0-demo-20261008T020017Z,DEMO-011,encrypt,local-structured,0,True,5200000,5200044,32,5200000,0,0.18087283099976048,27.417641543516655,52145761,0.0,-0.0,0.00016367172433334908,3a52e3d833b7edf051458509f316d1aa26aa783cdcd913baf2459e31da138156,,91f5b77c8a17684cf2825477a8d8e11a,,,ok,,2a10808812b387f72a490d954d290f2b162b1800f74285d02e0f117bca922a47
v1.0.0-demo-20261008T020017Z,DEMO-011,encrypt,local-structured,1,False,5200000,5200044,32,5200000,0,0.15522622899970884,31.947606260033552,52145761,0.0,-0.0,0.00016367172433334908,3a52e3d833b7edf051458509f316d1aa26aa783cdcd913baf2459e31da138156,,91f5b77c8a17684cf2825477a8d8e11a,,,ok,,7837b60e01138982a0bfe6e0199d4f4341455492e4ddbed9f6518ff873e33975
v1.0.0-demo-20261008T020017Z,DEMO-011,encrypt,local-structured,2,False,5200000,5200044,32,5200000,0,0.14662090399997396,33.82264267933705,52145761,0.0,-0.0,0.000163287112203144,3a52e3d833b7edf051458509f316d1aa26aa783cdcd913baf2459e31da138156,,91f5b77c8a17684cf2825477a8d8e11a,,,ok,,ed5b44cf188e18fc0311b07f1fd0734d698831aaf86930cb7b828d3dc1e4482a
v1.0.0-demo-20261008T020017Z,DEMO-011,encrypt,local-structured,3,False,5200000,5200044,32,5200000,0,0.15575537299991993,31.839071422050072,52145761,0.0,-0.0,0.0001640563364635541,3a52e3d833b7edf051458509f316d1aa26aa783cdcd913baf2459e31da138156,,91f5b77c8a17684cf2825477a8d8e11a,,,ok,,104629751c358b986226073c54929bc70f5e5ce5799262b672aaa34ec176e664
v1.0.0-demo-20261008T020017Z,DEMO-011,encrypt,local-structured,4,False,5200000,5200044,32,5200000,0,0.17058119400007854,29.07182397439554,52145761,0.0,-0.0,0.000163287112203144,3a52e3d833b7edf051458509f316d1aa26aa783cdcd913baf2459e31da138156,,91f5b77c8a17684cf2825477a8d8e11a,,,ok,,18a1cc83d597bbc9685ebe1c15d70402ef4415b974aa761d4a1901a1eab9ed1d
v1.0.0-demo-20261008T020017Z,DEMO-011,encrypt,local-structured,5,False,5200000,5200044,32,5200000,0,0.1733793160001369,28.602641651375443,52145761,0.0,-0.0,0.0001640563364635541,3a52e3d833b7edf051458509f316d1aa26aa783cdcd913baf2459e31da138156,,91f5b77c8a17684cf2825477a8d8e11a,,,ok,,baa249f898c0ff2e9a538ae9048a2c0286d97377eade0b35f53342ad721ef78e
v1.0.0-demo-20261008T020017Z,DEMO-011,decrypt,local-structured,0,True,5200044,5200000,32,5200000,0,0.15234937100012758,32.551157739786596,52150137,0.0,0.00016290250007293893,-0.0,3a52e3d833b7edf051458509f316d1aa26aa783cdcd913baf2459e31da138156,3a52e3d833b7edf051458509f316d1aa26aa783cdcd913baf2459e31da138156,91f5b77c8a17684cf2825477a8d8e11a,91f5b77c8a17684cf2825477a8d8e11a,1,ok,,b116c370696b87d8e0b6ae88959e229e26193ca98fba18d94be6832b6887b7ed
v1.0.0-demo-20261008T020017Z,DEMO-011,decrypt,local-structured,1,False,5200044,5200000,32,5200000,0,0.12696521999987453,39.05910931345862,52150137,0.0,0.00016290250007293893,-0.0,3a52e3d833b7edf051458509f316d1aa26aa783cdcd913baf2459e31da138156,3a52e3d833b7edf051458509f316d1aa26aa783cdcd913baf2459e31da138156,91f5b77c8a17684cf2825477a8d8e11a,91f5b77c8a17684cf2825477a8d8e11a,1,ok,,b116c370696b87d8e0b6ae88959e229e26193ca98fba18d94be6832b6887b7ed
v1.0.0-demo-20261008T020017Z,DEMO-011,decrypt,local-structured,2,False,5200044,5200000,32,5200000,0,0.120586913999432,41.12509593707474,52150137,0.0,0.00016290250007293893,-0.0,3a52e3d833b7edf051458509f316d1aa26aa783cdcd913baf2459e31da138156,3a52e3d833b7edf051458509f316d1aa26aa783cdcd913baf2459e31da138156,91f5b77c8a17684cf2825477a8d8e11a,91f5b77c8a17684cf2825477a8d8e11a,1,ok,,b116c370696b87d8e0b6ae88959e229e26193ca98fba18d94be6832b6887b7ed
v1.0.0-demo-20261008T020017Z,DEMO-011,decrypt,local-structured,3,False,5200044,5200000,32,5200000,0,0.12951418200009357,38.290388978242085,52150137,0.0,0.00016290250007293893,-0.0,3a52e3d833b7edf051458509f316d1aa26aa783cdcd913baf2459e31da138156,3a52e3d833b7edf051458509f316d1aa26aa783cdcd913baf2459e31da138156,91f5b77c8a17684cf2825477a8d8e11a,91f5b77c8a17684cf2825477a8d8e11a,1,ok,,b116c370696b87d8e0b6ae88959e229e26193ca98fba18d94be6832b6887b7ed
v1.0.0-demo-20261008T020017Z,DEMO-011,decrypt,local-structured,4,False,5200044,5200000,32,5200000,0,0.12443405399972107,39.85362726343014,52150137,0.0,0.00016290250007293893,-0.0,3a52e3d833b7edf051458509f316d1aa26aa783cdcd913baf2459e31da138156,3a52e3d833b7edf051458509f316d1aa26aa783cdcd913baf2459e31da138156,91f5b77c8a17684cf2825477a8d8e11a,91f5b77c8a17684cf2825477a8d8e11a,1,ok,,b116c370696b87d8e0b6ae88959e229e26193ca98fba18d94be6832b6887b7ed
v1.0.0-demo-20261008T020017Z,DEMO-011,decrypt,local-structured,5,False,5200044,5200000,32,5200000,0,0.1292024130007121,38.382784746869156,52150137,0.0,0.00016290250007293893,-0.0,3a52e3d833b7edf051458509f316d1aa26aa783cdcd913baf2459e31da138156,3a52e3d833b7edf051458509f316d1aa26aa783cdcd913baf2459e31da138156,91f5b77c8a17684cf2825477a8d8e11a,91f5b77c8a17684cf2825477a8d8e11a,1,ok,,b116c370696b87d8e0b6ae88959e229e26193ca98fba18d94be6832b6887b7ed
