run_id,dataset_id,input_size_bytes,ciphertext_size_bytes,recovered_size_bytes,selected_n,len_hill,len_tail,sha256_original,sha256_recovered,md5_original,md5_recovered,exact_byte_match,status,sha256_ciphertext,ciphertext_path
v1.0.0-demo-20261008T020017Z,DEMO-001,0,44,0,4,0,0,e3b0c44298fc1c149afbf4c8996fb92427ae41e4649b934ca495991b7852b855,e3b0c44298fc1c149afbf4c8996fb92427ae41e4649b934ca495991b7852b855,d41d8cd98f00b204e9800998ecf8427e,d41d8cd98f00b204e9800998ecf8427e,1,ok,53a5eb52bd63c06d8edda62b0e3e76e103c4ec393fc25d082b61e21e2ceb1fa8,raw/ciphertexts/DEMO-001-ref.enc
v1.0.0-demo-20261008T020017Z,DEMO-002,37,80,37,6,36,1,c33aef5769fc88357a5805ef4e4d171ce91fdacf03d93c7826a944d4a725d11b,c33aef5769fc88357a5805ef4e4d171ce91fdacf03d93c7826a944d4a725d11b,1762a8d30a4889479b2a50c0da1fd8b7,1762a8d30a4889479b2a50c0da1fd8b7,1,ok,7575a33dc3026cf6152a8c9bd1fe6ba5ac4f42142cc0aa6010363579568b8284,raw/ciphertexts/DEMO-002-ref.enc
v1.0.0-demo-20261008T020017Z,DEMO-003,6000,6044,6000,4,6000,0,f5ddb39412a9924f220f6c16749f0ca53083cf2aa56c4e4ca3d8994141bee964,f5ddb39412a9924f220f6c16749f0ca53083cf2aa56c4e4ca3d8994141bee964,8e22dc974d87e9792f5fbaaf04d3ffc5,8e22dc974d87e9792f5fbaaf04d3ffc5,1,ok,ac19e87531a4535d9b02f107f9c0a43d4d99a70e495f183a47172f1af266fd22,raw/ciphertexts/DEMO-003-ref.enc
v1.0.0-demo-20261008T020017Z,DEMO-004,5984,6026,5984,6,5982,2,b6491bb4c72aa3c5a0ec4b3ee7e2f93a360f98b7f2dfeb58a887228803920890,b6491bb4c72aa3c5a0ec4b3ee7e2f93a360f98b7f2dfeb58a887228803920890,fcbf0427de5f85808fecb3400831cfd4,fcbf0427de5f85808fecb3400831cfd4,1,ok,dfa6a2339d6e11ba0b0aad25d447fadf6e6394610882c1858ab2395df27698f2,raw/ciphertexts/DEMO-004-ref.enc
v1.0.0-demo-20261008T020017Z,DEMO-005,100000,100040,100000,12,99996,4,2e4b55ced5b14b3a9e35a3881c570f3b807dfd629ce9fe38092f0b121ea72e9c,2e4b55ced5b14b3a9e35a3881c570f3b807dfd629ce9fe38092f0b121ea72e9c,1c303f676174fbb3e225b1f25e72478c,1c303f676174fbb3e225b1f25e72478c,1,ok,d8806f962db9392de8f6d7210fae123ab33b9bd397a67b87d8df4c96b7bffef0,raw/ciphertexts/DEMO-005-ref.enc
v1.0.0-demo-20261008T020017Z,DEMO-006,600000,600044,600000,24,600000,0,fdf54a6e3a21108278d1734ba325d7b42901c3ea4a5f63f9dd3bc870cafb4055,fdf54a6e3a21108278d1734ba325d7b42901c3ea4a5f63f9dd3bc870cafb4055,2b29de25c136673f37362194116c2e0c,2b29de25c136673f37362194116c2e0c,1,ok,911d465b82086137be253c191abcf65f3ee05ce860debcbc83f9edf2280c4f5b,raw/ciphertexts/DEMO-006-ref.enc
v1.0.0-demo-20261008T020017Z,DEMO-007,486,530,486,6,486,0,c28c253738d9be21167fadd1d88f386f813fca687660cbd72938635bb6eedcb2,c28c253738d9be21167fadd1d88f386f813fca687660cbd72938635bb6eedcb2,d6cc5a55204734d703f58987450de8a4,d6cc5a55204734d703f58987450de8a4,1,ok,cdf670262e7f878b246f969464bde10c8feee00001f1eb68c150aa7d2dbd9825,raw/ciphertexts/DEMO-007-ref.enc
v1.0.0-demo-20261008T020017Z,DEMO-008,5200000,5200044,5200000,48,5199984,16,043d39048eaade3a19ad2c5c826bc898595f6d7a21dbf1b957ec0ad9b6a0fa2b,043d39048eaade3a19ad2c5c826bc898595f6d7a21dbf1b957ec0ad9b6a0fa2b,fc63da63ccae5d5a06102fb115a2bd3a,fc63da63ccae5d5a06102fb115a2bd3a,1,ok,2cd7df0d3bd58fb9cf591ac653e2b0fb5d65366d0652db84a992dcafffb60ed1,raw/ciphertexts/DEMO-008-ref.enc
v1.0.0-demo-20261008T020017Z,DEMO-009,100000,100044,100000,8,100000,0,6d72612053372c8bd45600cb71e1be8ef1f45042f2e8303dec2456ee8a645e66,6d72612053372c8bd45600cb71e1be8ef1f45042f2e8303dec2456ee8a645e66,d9ca9442235479899f63e9dd6ab3e3fb,d9ca9442235479899f63e9dd6ab3e3fb,1,ok,3ecd05717476c4323e9c82fd7bbf7bfbe08bc453cf58c0b1d80f8ed94fca6a70,raw/ciphertexts/DEMO-009-ref.enc
v1.0.0-demo-20261008T020017Z,DEMO-010,600000,600044,600000,16,600000,0,d72c2eef0b3d22bc2f78cd9fcfa62ceb70bc0f0af23d2c103ee7a4599baeec2a,d72c2eef0b3d22bc2f78cd9fcfa62ceb70bc0f0af23d2c103ee7a4599baeec2a,afe06afb188254159288ed77816adabe,afe06afb188254159288ed77816adabe,1,ok,fe13919640c13d5bc0b3357762d1b89f55c1e23962aceabea6817f5db4636823,raw/ciphertexts/DEMO-010-ref.enc
v1.0.0-demo-20261008T020017Z,DEMO-011,5200000,5200044,5200000,32,5200000,0,3a52e3d833b7edf051458509f316d1aa26aa783cdcd913baf2459e31da138156,3a52e3d833b7edf051458509f316d1aa26aa783cdcd913baf2459e31da138156,91f5b77c8a17684cf2825477a8d8e11a,91f5b77c8a17684cf2825477a8d8e11a,1,ok,b116c370696b87d8e0b6ae88959e229e26193ca98fba18d94be6832b6887b7ed,raw/ciphertexts/DEMO-011-ref.enc
