run_id,dataset_id,input_size_bytes,ciphertext_size_bytes,recovered_size_bytes,selected_n,len_hill,len_tail,sha256_original,sha256_recovered,md5_original,md5_recovered,exact_byte_match,status
20261007T042845Z,DEMO-001,0,44,0,4,0,0,e3b0c44298fc1c149afbf4c8996fb92427ae41e4649b934ca495991b7852b855,e3b0c44298fc1c149afbf4c8996fb92427ae41e4649b934ca495991b7852b855,d41d8cd98f00b204e9800998ecf8427e,d41d8cd98f00b204e9800998ecf8427e,1,ok
20261007T042845Z,DEMO-002,37,80,37,6,36,1,c33aef5769fc88357a5805ef4e4d171ce91fdacf03d93c7826a944d4a725d11b,c33aef5769fc88357a5805ef4e4d171ce91fdacf03d93c7826a944d4a725d11b,1762a8d30a4889479b2a50c0da1fd8b7,1762a8d30a4889479b2a50c0da1fd8b7,1,ok
20261007T042845Z,DEMO-003,6000,6044,6000,4,6000,0,f5ddb39412a9924f220f6c16749f0ca53083cf2aa56c4e4ca3d8994141bee964,f5ddb39412a9924f220f6c16749f0ca53083cf2aa56c4e4ca3d8994141bee964,8e22dc974d87e9792f5fbaaf04d3ffc5,8e22dc974d87e9792f5fbaaf04d3ffc5,1,ok
20261007T042845Z,DEMO-004,5984,6026,5984,6,5982,2,b6491bb4c72aa3c5a0ec4b3ee7e2f93a360f98b7f2dfeb58a887228803920890,b6491bb4c72aa3c5a0ec4b3ee7e2f93a360f98b7f2dfeb58a887228803920890,fcbf0427de5f85808fecb3400831cfd4,fcbf0427de5f85808fecb3400831cfd4,1,ok
20261007T042845Z,DEMO-005,100000,100040,100000,12,99996,4,2e4b55ced5b14b3a9e35a3881c570f3b807dfd629ce9fe38092f0b121ea72e9c,2e4b55ced5b14b3a9e35a3881c570f3b807dfd629ce9fe38092f0b121ea72e9c,1c303f676174fbb3e225b1f25e72478c,1c303f676174fbb3e225b1f25e72478c,1,ok
20261007T042845Z,DEMO-006,600000,600044,600000,24,600000,0,fdf54a6e3a21108278d1734ba325d7b42901c3ea4a5f63f9dd3bc870cafb4055,fdf54a6e3a21108278d1734ba325d7b42901c3ea4a5f63f9dd3bc870cafb4055,2b29de25c136673f37362194116c2e0c,2b29de25c136673f37362194116c2e0c,1,ok
20261007T042845Z,DEMO-007,486,530,486,6,486,0,c28c253738d9be21167fadd1d88f386f813fca687660cbd72938635bb6eedcb2,c28c253738d9be21167fadd1d88f386f813fca687660cbd72938635bb6eedcb2,d6cc5a55204734d703f58987450de8a4,d6cc5a55204734d703f58987450de8a4,1,ok
20261007T042845Z,DEMO-008,5200000,5200044,5200000,48,5199984,16,043d39048eaade3a19ad2c5c826bc898595f6d7a21dbf1b957ec0ad9b6a0fa2b,043d39048eaade3a19ad2c5c826bc898595f6d7a21dbf1b957ec0ad9b6a0fa2b,fc63da63ccae5d5a06102fb115a2bd3a,fc63da63ccae5d5a06102fb115a2bd3a,1,ok
20261007T042845Z,DEMO-009,100000,100044,100000,8,100000,0,6d72612053372c8bd45600cb71e1be8ef1f45042f2e8303dec2456ee8a645e66,6d72612053372c8bd45600cb71e1be8ef1f45042f2e8303dec2456ee8a645e66,d9ca9442235479899f63e9dd6ab3e3fb,d9ca9442235479899f63e9dd6ab3e3fb,1,ok
20261007T042845Z,DEMO-010,600000,600044,600000,16,600000,0,d72c2eef0b3d22bc2f78cd9fcfa62ceb70bc0f0af23d2c103ee7a4599baeec2a,d72c2eef0b3d22bc2f78cd9fcfa62ceb70bc0f0af23d2c103ee7a4599baeec2a,afe06afb188254159288ed77816adabe,afe06afb188254159288ed77816adabe,1,ok
20261007T042845Z,DEMO-011,5200000,5200044,5200000,32,5200000,0,3a52e3d833b7edf051458509f316d1aa26aa783cdcd913baf2459e31da138156,3a52e3d833b7edf051458509f316d1aa26aa783cdcd913baf2459e31da138156,91f5b77c8a17684cf2825477a8d8e11a,91f5b77c8a17684cf2825477a8d8e11a,1,ok
