path,sha256,size_bytes
.gitignore,10c20139072594e4243c47fe2d6193aa33cb45ba3e43e2bab74f0fe16b5b2f55,85
.zenodo.json,4903b02aae89eef36826a022d9e98d29a4609059ce52577aead3b681b09524fb,1159
CHANGELOG.md,d9fdd2f35868f08ce67edc36f3eee90e809e5468c926a629de795e6f16759261,983
CITATION.cff,0aab0d7d71e9d987c45059576ff8b3ce03b08330e8c6ccfb5e966fd7fd18d3d2,924
LICENSE,32e6b446ac46a3e396f104c8e6e9b5335f8ca1c7a317b3a96d02d3de0ce043ce,1079
README.md,3cf8c273fe1ed33718fb12128a5b73e9596d3ccbdd76cb166149ba65ae723cee,3929
configs/demo.yaml,471d249b5b4ff8b8bedd385f30063f92d1fd3286df16b9393d96722d1b2804fd,292
data/README.md,5becb29f7371bbdb0b2ddb2f904db641927d5ad340d3efa1b3178c90b229c90f,1526
data/demo/demo_001_empty.bin,e3b0c44298fc1c149afbf4c8996fb92427ae41e4649b934ca495991b7852b855,0
data/demo/demo_002_tiny.bin,c33aef5769fc88357a5805ef4e4d171ce91fdacf03d93c7826a944d4a725d11b,37
data/demo/demo_003_repeated_byte.bin,f5ddb39412a9924f220f6c16749f0ca53083cf2aa56c4e4ca3d8994141bee964,6000
data/demo/demo_004_structured_text.txt,b6491bb4c72aa3c5a0ec4b3ee7e2f93a360f98b7f2dfeb58a887228803920890,5984
data/demo/demo_005_pseudorandom_100k.bin,2e4b55ced5b14b3a9e35a3881c570f3b807dfd629ce9fe38092f0b121ea72e9c,100000
data/demo/demo_006_mixed_600k.bin,fdf54a6e3a21108278d1734ba325d7b42901c3ea4a5f63f9dd3bc870cafb4055,600000
data/demo/demo_007_archive.zip,c28c253738d9be21167fadd1d88f386f813fca687660cbd72938635bb6eedcb2,486
data/demo/demo_008_pseudorandom_5m.bin,043d39048eaade3a19ad2c5c826bc898595f6d7a21dbf1b957ec0ad9b6a0fa2b,5200000
data/demo/demo_009_structured_100k.txt,6d72612053372c8bd45600cb71e1be8ef1f45042f2e8303dec2456ee8a645e66,100000
data/demo/demo_010_structured_600k.txt,d72c2eef0b3d22bc2f78cd9fcfa62ceb70bc0f0af23d2c103ee7a4599baeec2a,600000
data/demo/demo_011_zeros_5m.bin,3a52e3d833b7edf051458509f316d1aa26aa783cdcd913baf2459e31da138156,5200000
data/manifest.csv,08545118452bbd14dc2dc5226b7982bcce0a628d7266dc698b8d0f7e311cb638,3383
docs/algorithm.md,f55f81c2c035c761cb7abfd36eb99149f4b14e9cca3d6c7d12f71aa8d6f67921,2291
docs/author_questions.md,97533329bd44406e270d869e5557358176bc08df0ce921cffc1e3ce871c282a1,9859
docs/availability_statement_draft.md,51b7197569837feae6c6fa34d7b3b181aca5a5048868e199a92e5cd0c911cf29,6555
docs/benchmark_protocol.md,43e457693727289077cccfee72d34151123f9fb7fec2822a7a2f14e4d039fa5c,1832
docs/equivalence_report.md,91595cb92b43e4fc007ff1d6a0d011fc4454d76835a6dfc2f8d98a6b36102805,1541
docs/file_format.md,f848f4e3c95b9501c5331e61b2bed58a1878e4deaa47d15abf0515107470f54e,1263
docs/limitations.md,205428dbceac478569be0ed043b00edddf19e7b0423e67b4ec58b13a69ffcaad,4565
docs/manuscript_artifact_mapping.csv,5748799bc955acc1da3fc260c3cc209b357453b3b0027b41b249e5d17cd2fcfb,5883
docs/release_checklist.md,17bb08dd68e267b0695d75837b279c7a707b9a952f9c037a7fb6434763a47fb2,6753
docs/reproducibility.md,f3b694528e9945e2c8bdab40597970b8e3449c5a5e3931ebea1b33f48efb60e0,4358
docs/source_inventory.md,afb112e400041f0e4d239942f28926f4d049254c94afab9340a84f50b39b08dc,12634
docs/source_traceability.csv,4211b1d3df0f010692493b52741dff8ea9b8dc913eb19e3278621d2ca9195be0,5156
notebooks/analyze_results.ipynb,1bb6b55ab41a19aa275891ec080ebe145ac4d64b871d8105841822c6073cfbd4,310028
notebooks/demo_colab.ipynb,f7f78c74608da73324e6af54b89b646d17e0249bf12576b3e1b59e7ba5bc7ccc,27324
notebooks/original/PM_BG_+_AES_(works)_ori.ipynb,7c226d4fe3c9fa124c6dcc78564cb13138584ead112b1bc7e055cfeb580fb8b5,35452
notebooks/original/PM_BG_+_AES_(works)_workshop.ipynb,6bf294a5388bb7f1a24f17640a788836d887572ec6a0c02d3b647e83289740ca,59269
pyproject.toml,97abd6809bd9a0ea2bab2eb58016de9a164fe333b22a614c4086312a10e9fb48,685
requirements-lock.txt,406435ea565b8b869a32f20d26979ec236e330ecbaf967607a5e4ff294cbb90e,1094
requirements.txt,8fdba05d57c3382b98f2d06955399678e9e2fd53bf6e42e6b21c78b5b1e4abde,91
results/README.md,d48f8dd5cd5da67855ca6519fc85e432219287c30d1471b0682e0a3e2f0c8a62,989
results/figures/demo_elapsed.png,cb4bba6b785f66e6f73e63494a03b8ca57ec30ca45608f8d605b9473999f1dcd,46026
results/figures/demo_elapsed.svg,48421851f0349930b95c1932ca6218146e0465bd16961a54dc24c3f31bc1c4e4,45918
results/figures/demo_entropy.png,f8dfff76916a30ea0f24bd216caaaee7868015182e90241f8c075c570337636c,42327
results/figures/demo_entropy.svg,87a672b156a033b2277ac7fd6e07c9f695fd529750d05e6f93656d6e36c8fdc3,45219
results/figures/demo_hist_DEMO-005.png,03135361f4544bd3f9bdb3478286d3bc6748011fb2d8492197b9721a00bc6e65,43135
results/figures/demo_hist_DEMO-005.svg,ba838c3ce855cfb5a93e09529e5dc6ed324157c79998801825ed9f327109655d,137156
results/figures/demo_scatter_DEMO-004.png,bf44064938a70d5bbb08a048500b2230ac5a9ecc01de87d6b5b0de90a5c7bde6,48072
results/figures/demo_scatter_DEMO-004.svg,6c292a6cb3e54c2222c372d43a61cfd9fbb5af6e0878ca6df8683c1fb4c53cc5,1207804
results/figures/demo_throughput.png,1ce69f9d4d89531e660b611fc440b1fe64f2faa2e644581c31e1e31531661980,49049
results/figures/demo_throughput.svg,323286c0901ee8fb15790daa168b230712aaaed9a1e8aff6ef31e4e5f86626b3,43810
results/figures/figure_manifest.csv,8a049114c3542e4c80ae6c15915ad582f6a924e7fb9bd4f7b4d27679f519e300,3747
results/logs/experiment.log,58fc76ece762b53c7fdf829bbd7191bd9108acb042fbf0eb051f4bcf5cf2a4d4,1825
results/logs/test_report.txt,f2e8542c2cb65818beab487121d33ac47bd354e0ee7ff5731b62927d5bbea5b0,490
results/raw/benchmark_runs.csv,19e763155987aa30dcad6a0a9a94518f08f64891c6eb542c64bf61d257c43bb8,49493
results/raw/environment.json,3055843340656256eaaacdccbddc92daf1161ce00d3ee216ff0756bacbc207d7,1031
results/raw/integrity_checks.csv,412e2aede35e48e24151823ec47c2ffd8523aec235ccddb248f8f1cd75e7600c,3002
results/raw/run_config.json,90a0024818a28e938e08fcb997f3042cbc17e75d7dfe9b0ec8deeb6d37c8b5f4,380
results/runs/20261007T042845Z/EXECUTION_REPORT.md,97a2eb6c26daf3da0b6ffc7525755055b60d1952dc8b98b9790cebe713a9a15b,1916
results/runs/20261007T042845Z/figures/demo_elapsed.png,cb4bba6b785f66e6f73e63494a03b8ca57ec30ca45608f8d605b9473999f1dcd,46026
results/runs/20261007T042845Z/figures/demo_elapsed.svg,48421851f0349930b95c1932ca6218146e0465bd16961a54dc24c3f31bc1c4e4,45918
results/runs/20261007T042845Z/figures/demo_entropy.png,f8dfff76916a30ea0f24bd216caaaee7868015182e90241f8c075c570337636c,42327
results/runs/20261007T042845Z/figures/demo_entropy.svg,87a672b156a033b2277ac7fd6e07c9f695fd529750d05e6f93656d6e36c8fdc3,45219
results/runs/20261007T042845Z/figures/demo_hist_DEMO-005.png,03135361f4544bd3f9bdb3478286d3bc6748011fb2d8492197b9721a00bc6e65,43135
results/runs/20261007T042845Z/figures/demo_hist_DEMO-005.svg,ba838c3ce855cfb5a93e09529e5dc6ed324157c79998801825ed9f327109655d,137156
results/runs/20261007T042845Z/figures/demo_scatter_DEMO-004.png,bf44064938a70d5bbb08a048500b2230ac5a9ecc01de87d6b5b0de90a5c7bde6,48072
results/runs/20261007T042845Z/figures/demo_scatter_DEMO-004.svg,6c292a6cb3e54c2222c372d43a61cfd9fbb5af6e0878ca6df8683c1fb4c53cc5,1207804
results/runs/20261007T042845Z/figures/demo_throughput.png,1ce69f9d4d89531e660b611fc440b1fe64f2faa2e644581c31e1e31531661980,49049
results/runs/20261007T042845Z/figures/demo_throughput.svg,323286c0901ee8fb15790daa168b230712aaaed9a1e8aff6ef31e4e5f86626b3,43810
results/runs/20261007T042845Z/figures/figure_manifest.csv,8a049114c3542e4c80ae6c15915ad582f6a924e7fb9bd4f7b4d27679f519e300,3747
results/runs/20261007T042845Z/logs/experiment.log,fdc26d85865caeff6cd7e8c5db4add64ccc5bf26b283dddc57b165e93623fbb1,1854
results/runs/20261007T042845Z/logs/test_report.txt,f2e8542c2cb65818beab487121d33ac47bd354e0ee7ff5731b62927d5bbea5b0,490
results/runs/20261007T042845Z/raw/benchmark_runs.csv,19e763155987aa30dcad6a0a9a94518f08f64891c6eb542c64bf61d257c43bb8,49493
results/runs/20261007T042845Z/raw/environment.json,3055843340656256eaaacdccbddc92daf1161ce00d3ee216ff0756bacbc207d7,1031
results/runs/20261007T042845Z/raw/integrity_checks.csv,412e2aede35e48e24151823ec47c2ffd8523aec235ccddb248f8f1cd75e7600c,3002
results/runs/20261007T042845Z/raw/run_config.json,90a0024818a28e938e08fcb997f3042cbc17e75d7dfe9b0ec8deeb6d37c8b5f4,380
results/runs/20261007T042845Z/summary/integrity_summary.csv,bdbffe3e393d00b3e8549b2e359056afa1273a943248910134e0f5f054c4ad79,1940
results/runs/20261007T042845Z/summary/performance_summary.csv,20cf98d71657d52e7f9dc2d7d116dff5463c8efbd22ebeed3904f5c7613c21e4,5376
results/runs/smoke01/EXECUTION_REPORT.md,eeec1a7f97e04bccc6e8db0b432bbaac3e86708fd6dfbd43f5c6b6e64eadf4b8,1908
results/runs/smoke01/figures/demo_elapsed.png,7e7b3a8b3b860d4801471554e5aa5411c9941125d324b46e9fd84b2a1552b17d,46796
results/runs/smoke01/figures/demo_elapsed.svg,3d241425264dd157d12fd6121c101ef2de6cb8672faa91b80e8d742f2d4539bd,46225
results/runs/smoke01/figures/demo_entropy.png,69c353fb55f1a7adaeb736b1601b1ea56f83854816bc2dac24bda84737c51209,42328
results/runs/smoke01/figures/demo_entropy.svg,efacd17686aedb61d31f9941a79ccad73138651fc38eedc27d9a776b631f5d10,45221
results/runs/smoke01/figures/demo_hist_DEMO-005.png,5357be78dab9fe60468557f05bf8a545198d85ef02fa28b33da1bde7fd78230d,43131
results/runs/smoke01/figures/demo_hist_DEMO-005.svg,a64be9fa469bd99a6437679576ad31af8ef852e2508618c8e669b9892bce9bb0,137156
results/runs/smoke01/figures/demo_scatter_DEMO-004.png,11b73d90e641f79200d596d5512f99fc99a53a7194ac521ed52b99b18ef34c98,45224
results/runs/smoke01/figures/demo_scatter_DEMO-004.svg,e99bddca2ac4d791886d0ba0c1feae2aae0af497be4789b09444e3ffa2559e3f,1205742
results/runs/smoke01/figures/demo_throughput.png,2359e6b03d245a2b67b8c02376cad6abea22234b69e952e6f5af86b9da589faf,50061
results/runs/smoke01/figures/demo_throughput.svg,52f98bfb2f757e91afeab7cae6679afff640ac13105067141e67065e75393b73,44255
results/runs/smoke01/figures/figure_manifest.csv,8a049114c3542e4c80ae6c15915ad582f6a924e7fb9bd4f7b4d27679f519e300,3747
results/runs/smoke01/logs/experiment.log,ee82b1bdf2b42077b74ea342f303764ddf2a225b3fca1c6518ffb6e6f2cc7ec5,1827
results/runs/smoke01/logs/test_report.txt,7ca4aeebbc0796b5d586848828d69d8d888ba3fbaf7f5bd4da130829d3977371,490
results/runs/smoke01/raw/benchmark_runs.csv,643b65e8d8e9b90c0a86236073e2be0217b6ad9ba5d71872cae1fa71042e4bac,48115
results/runs/smoke01/raw/environment.json,05db4e3c6611fa5c795d4c8e6d2b67b7077dcc867e9230d70766e7064e0f1855,1031
results/runs/smoke01/raw/integrity_checks.csv,d636ee53acba06eedf9d297c49921ffb936a3060369ab8f88e4cbe60e0eb9c7c,2903
results/runs/smoke01/raw/run_config.json,cc51ae284c6072c02e96c7f749fd04f85735daee3624740708ced8d08e9869c3,371
results/runs/smoke01/summary/integrity_summary.csv,ff02b0648ae7655969872edeb6d0b26cf4b8bd1c09b88ff01eedf3b146b44c60,1841
results/runs/smoke01/summary/performance_summary.csv,5ba0a0f95a34f97b825cd1dd93cb3beba510ca1593ebc088b3381e2bd6c9ce09,5182
results/summary/integrity_summary.csv,bdbffe3e393d00b3e8549b2e359056afa1273a943248910134e0f5f054c4ad79,1940
results/summary/performance_summary.csv,20cf98d71657d52e7f9dc2d7d116dff5463c8efbd22ebeed3904f5c7613c21e4,5376
scripts/build_release.py,8161abb411c23c922a5628ec041b3b2de9f782cf4316bfc260b1f2d6b18011dc,5236
scripts/generate_demo_data.py,41cd4755503a91674d44ca3179009c965ffbe9dd14a72754c551d51180a162e8,6824
scripts/generate_figures.py,acebe959cf40355b99160cb00b3b3028ad5f4c1617082dd65ef15eda9a48e9d5,8259
scripts/reproduce_all.py,4e2ae3e34d3a1d3add634a6748fc927bdac17036946eb885445049e47ab1ecd3,8486
scripts/run_experiments.py,8d4f4af98fedf6df1cef191baca2b3eb4e9b955f79bce8a891801ad050df63cd,11298
scripts/summarize_results.py,371869bd81ff08aa370902db7b72ecdc587a6810b9e44f68bb17e0f5a2d04972,3679
src/pm_bg_aes/__init__.py,053f188e4e903566136e35358dfa2ebdefee3a502ffef700848bae4d3bacff28,1464
src/pm_bg_aes/aes_tail.py,3ea78b1d3e3fff1734d92f9645a025a20d6096a90ca66baee65f4e84df06812f,1904
src/pm_bg_aes/analysis.py,60edfb4edf959579675f0e333b07cf07495c27098a0ab9597155a5e65f089541,3053
src/pm_bg_aes/cli.py,64555b60f79d55fba088623780be8a3247708bfee616a41e1308c32aa4889d92,4372
src/pm_bg_aes/crypto.py,f7a97ead99fdcaecaa577b6eb2012ff0145876897747d3c38d03f461cc5e02f7,4209
src/pm_bg_aes/entropy.py,cb58cdbb40dbf433b2bfd983c6894cfbc2d4beb2d8d3f9652a076ab755a93730,830
src/pm_bg_aes/file_format.py,86ed4070180e1553f88906f660de04a2fa8a63d158f50e97a2459ed5b6cb65a6,2813
src/pm_bg_aes/integrity.py,779f20fd8240edcdfce9a7eabad40ad36e53584483c02368d1340c3852dfcde0,1114
src/pm_bg_aes/metrics.py,7416a7a4ac14d53b9edfadebc6c70efd5e6869de64a37738d489673d80161789,2358
src/pm_bg_aes/permutation.py,40eb42c4d31e8cd1849ab025b0e3547b5be660a702071083046bc13de4558740,1356
src/pm_bg_aes/selector.py,e6d78eb0ec70a917f8bf6e943bdaa1a02e70899a20ffd410e5f8adaeae4f0d0c,1469
tests/notebook_reference.py,358c14f80fc6844e70df7a9a64e7418d92c8bb79111f0503fa77f87dc78028d4,3783
tests/test_aes_tail.py,acfede247051f3637756a684e3a2f2b38624e0415816a9d1b63f6d0f6b0c6fd5,1207
tests/test_analysis_cli.py,098cf30d66084f7f7939377eee82126b4a5e058d55542e94aa829a2d2d742214,1691
tests/test_crypto_format.py,8b715d9fa66d19e0a8d8449531e896aed682b11aba13ec441c1141f703d8c891,2567
tests/test_entropy.py,57039e36c7e34809eb1e7dfa9f6e1f4cbac85dbc8584e9cbd04fa8c37c3e3356,705
tests/test_equivalence.py,14511f84495f12295dc90c58d52e8adbaf0ebccb4b8abe93370cc483d6888eb1,3056
tests/test_permutation.py,342bcefdd1745bc4dd816bf83156c203cb887251eb7bace05982933eea5346bb,918
tests/test_selector.py,89e6b143f2e621a48d55661a285f5cdde243a323e253b3ad0fb49a1753925873,1030
