run_id,dataset_id,phase,n_runs,elapsed_mean_s,elapsed_median_s,elapsed_stdev_s,elapsed_min_s,elapsed_max_s,throughput_mean_mib_s,throughput_median_mib_s,throughput_stdev_mib_s,throughput_min_mib_s,throughput_max_mib_s
v1.0.0-demo-20261008T020017Z,DEMO-001,decrypt,5,0.00014025560030859197,0.00013625600058730925,3.496422890436483e-05,0.00010296599975845311,0.0001916800001708907,0.3137736875411965,0.3079619961029685,0.07446998331067688,0.2189152226860623,0.4075293788271124
v1.0.0-demo-20261008T020017Z,DEMO-001,encrypt,5,0.00020218580029904843,0.00017831000059231883,7.804925135147147e-05,0.00013685800058738096,0.0003342079999129055,0.0,0.0,0.0,0.0,0.0
v1.0.0-demo-20261008T020017Z,DEMO-002,decrypt,5,0.00019203479987481842,0.00017151500014733756,4.4821535217762664e-05,0.00015388799965876387,0.00026757399973575957,0.4121360916104496,0.4448237486340014,0.08040479085184442,0.2851321331214671,0.49577579461476273
v1.0.0-demo-20261008T020017Z,DEMO-002,encrypt,5,0.0004147808002016973,0.00041792600040935213,5.698407078985101e-05,0.00035690999993676087,0.0004900080002698814,0.0863577998637337,0.08443109467338525,0.01174734732757312,0.07201096653033588,0.09886511925494773
v1.0.0-demo-20261008T020017Z,DEMO-003,decrypt,5,0.0003703489999679732,0.00026727600015874486,0.00023133281973612292,0.00023695399977441411,0.0007799800005159341,18.927621089151884,21.56575062832399,6.900803704197776,7.389942773592466,24.32542845382162
v1.0.0-demo-20261008T020017Z,DEMO-003,encrypt,5,0.00048540320021857043,0.00044085800072934944,0.00012253343993733464,0.0003676530004668166,0.0006504220000351779,12.3743723721826,12.979340034593964,2.926390648859816,8.797435969459865,15.563713314380953
v1.0.0-demo-20261008T020017Z,DEMO-004,decrypt,5,0.0003945747999750893,0.0003079939997405745,0.0002482849240128415,0.00021979699977237033,0.0008326959996338701,17.887628467813226,18.658939575136746,6.983402522573298,6.901487977834532,26.146132279401893
v1.0.0-demo-20261008T020017Z,DEMO-004,encrypt,5,0.0005507523999767727,0.0004747990005853353,0.00019651380597233872,0.0004217790001348476,0.0008995329999379464,11.146841605457395,12.019374729811217,2.7725902445139594,6.3441664839074035,13.530277959667206
v1.0.0-demo-20261008T020017Z,DEMO-005,decrypt,5,0.0015307145997212502,0.001454547999856004,0.0001783702156005609,0.0013388689994826564,0.0017964839998967363,62.97867484678176,65.5912205184883,7.011962603271963,53.10683458286589,71.25833718619693
v1.0.0-demo-20261008T020017Z,DEMO-005,encrypt,5,0.0019178543998350506,0.0018821419998857891,0.00022104131520475046,0.001733570999931544,0.002291783000146097,50.207069609542394,50.669626227145464,5.231422251653545,41.61276684334664,55.01212909329408
v1.0.0-demo-20261008T020017Z,DEMO-006,decrypt,5,0.011466799399931915,0.0109497220000776,0.0011290499692518505,0.010456908000378462,0.012833249999857799,50.28304822187415,52.261285858181274,4.806369617598547,44.590929929675866,54.72425993352536
v1.0.0-demo-20261008T020017Z,DEMO-006,encrypt,5,0.01213472899999033,0.012415684000188776,0.0012329550852669229,0.01056988199979969,0.013446650999867416,47.55723458737644,46.08723851501455,4.965068068651024,42.55368789220394,54.13538106239917
v1.0.0-demo-20261008T020017Z,DEMO-007,decrypt,5,0.0003145484000924625,0.00022014000023773406,0.0002029671120499485,0.00018646599983185297,0.000673047999953269,1.983172057374434,2.2960270153060267,0.7556858556576295,0.7509826754264282,2.710667833015688
v1.0.0-demo-20261008T020017Z,DEMO-007,encrypt,5,0.0007708568000452942,0.0007346709999183076,0.00018101303760828793,0.0005884880001758575,0.001044356000420521,0.6264839026775855,0.6308752051257981,0.13622179754182648,0.4438005024980084,0.7875873724441864
v1.0.0-demo-20261008T020017Z,DEMO-008,decrypt,5,0.17357047799996508,0.1719027740000456,0.007882686602799052,0.16305080599977373,0.18386674700013828,28.618675013348724,28.848565334850885,1.3027233821909519,26.9714262523973,30.41474328553337
v1.0.0-demo-20261008T020017Z,DEMO-008,encrypt,5,0.19592351600022084,0.18859570200038434,0.018410279464078395,0.18615884600058052,0.2287807070006238,25.471458470036417,26.294907003248642,2.1288850876208794,21.676244078129272,26.639112520589194
v1.0.0-demo-20261008T020017Z,DEMO-009,decrypt,5,0.0013608076002128654,0.0011950910002269666,0.0005218753454927573,0.0009961749992726254,0.002274008000313188,76.41107969126415,79.83441703805579,20.914041789585706,41.95648972976639,95.77573556876223
v1.0.0-demo-20261008T020017Z,DEMO-009,encrypt,5,0.001360848400145187,0.001372729000649997,2.602168034316672e-05,0.0013270859999465756,0.0013894220001020585,70.10001058160523,69.47287599771538,1.3477825784244868,68.63820468771898,71.86228446721931
v1.0.0-demo-20261008T020017Z,DEMO-010,decrypt,5,0.009557737400245968,0.008754834000683331,0.0019006873131157493,0.007645204000255035,0.011997188000350434,61.724686349373485,65.36349535228274,11.695869119262138,47.698389947457414,74.85039660087322
v1.0.0-demo-20261008T020017Z,DEMO-010,encrypt,5,0.011694814600195969,0.012116083999899274,0.0013599681743219026,0.010054738000690122,0.012940483999955177,49.480740165945896,47.226858929709216,5.947630229214101,44.21817528971343,56.90895076574605
v1.0.0-demo-20261008T020017Z,DEMO-011,decrypt,5,0.12614055659996665,0.12696521999987453,0.0037145484228043556,0.120586913999432,0.12951418200009357,39.34220124781495,39.05910931345862,1.177624744819789,38.290388978242085,41.12509593707474
v1.0.0-demo-20261008T020017Z,DEMO-011,encrypt,5,0.16031260319996363,0.15575537299991993,0.011294745647939822,0.14662090399997396,0.1733793160001369,31.05675719743833,31.839071422050072,2.1805041338358753,28.602641651375443,33.82264267933705
