dataset_id,filename,path,category,source_type,size_bytes,sha256,md5,generator,seed,license_status,redistribution_allowed,manuscript_dataset_id,notes
DEMO-001,demo_001_empty.bin,data/demo/demo_001_empty.bin,empty,synthetic,0,e3b0c44298fc1c149afbf4c8996fb92427ae41e4649b934ca495991b7852b855,d41d8cd98f00b204e9800998ecf8427e,scripts/generate_demo_data.py,20260912,CC0-1.0 (pending author approval),yes,,zero-length edge case
DEMO-002,demo_002_tiny.bin,data/demo/demo_002_tiny.bin,tiny-binary,synthetic,37,c33aef5769fc88357a5805ef4e4d171ce91fdacf03d93c7826a944d4a725d11b,1762a8d30a4889479b2a50c0da1fd8b7,scripts/generate_demo_data.py,20260912,CC0-1.0 (pending author approval),yes,,very small payload; nonzero residual
DEMO-003,demo_003_repeated_byte.bin,data/demo/demo_003_repeated_byte.bin,low-entropy,synthetic,6000,f5ddb39412a9924f220f6c16749f0ca53083cf2aa56c4e4ca3d8994141bee964,8e22dc974d87e9792f5fbaaf04d3ffc5,scripts/generate_demo_data.py,20260912,CC0-1.0 (pending author approval),yes,,"single repeated byte; zero residual (6000 % 4 == 0, n=4)"
DEMO-004,demo_004_structured_text.txt,data/demo/demo_004_structured_text.txt,structured-text,synthetic,5984,b6491bb4c72aa3c5a0ec4b3ee7e2f93a360f98b7f2dfeb58a887228803920890,fcbf0427de5f85808fecb3400831cfd4,scripts/generate_demo_data.py,20260912,CC0-1.0 (pending author approval),yes,,"repeated structured text ~6 kB (F8 scale class, different content)"
DEMO-005,demo_005_pseudorandom_100k.bin,data/demo/demo_005_pseudorandom_100k.bin,pseudorandom,synthetic,100000,2e4b55ced5b14b3a9e35a3881c570f3b807dfd629ce9fe38092f0b121ea72e9c,1c303f676174fbb3e225b1f25e72478c,scripts/generate_demo_data.py,20260912,CC0-1.0 (pending author approval),yes,,deterministic PRNG 100 kB; exercises n=8/12 branch
DEMO-006,demo_006_mixed_600k.bin,data/demo/demo_006_mixed_600k.bin,mixed,synthetic,600000,fdf54a6e3a21108278d1734ba325d7b42901c3ea4a5f63f9dd3bc870cafb4055,2b29de25c136673f37362194116c2e0c,scripts/generate_demo_data.py,20260912,CC0-1.0 (pending author approval),yes,,structured + pseudorandom 600 kB; exercises n=16/24 branch
DEMO-007,demo_007_archive.zip,data/demo/demo_007_archive.zip,real-archive,synthetic,486,c28c253738d9be21167fadd1d88f386f813fca687660cbd72938635bb6eedcb2,d6cc5a55204734d703f58987450de8a4,scripts/generate_demo_data.py,20260912,CC0-1.0 (pending author approval),yes,,genuine ZIP (fixed timestamp) of demo text
DEMO-008,demo_008_pseudorandom_5m.bin,data/demo/demo_008_pseudorandom_5m.bin,large-pseudorandom,synthetic,5200000,043d39048eaade3a19ad2c5c826bc898595f6d7a21dbf1b957ec0ad9b6a0fa2b,fc63da63ccae5d5a06102fb115a2bd3a,scripts/generate_demo_data.py,20260912,CC0-1.0 (pending author approval),yes,,deterministic PRNG 5.2 MB; exercises n=32/48 branch
DEMO-009,demo_009_structured_100k.txt,data/demo/demo_009_structured_100k.txt,structured-mid,synthetic,100000,6d72612053372c8bd45600cb71e1be8ef1f45042f2e8303dec2456ee8a645e66,d9ca9442235479899f63e9dd6ab3e3fb,scripts/generate_demo_data.py,20260912,CC0-1.0 (pending author approval),yes,,repeated structured text 100 kB; exercises n=8 branch
DEMO-010,demo_010_structured_600k.txt,data/demo/demo_010_structured_600k.txt,structured-large,synthetic,600000,d72c2eef0b3d22bc2f78cd9fcfa62ceb70bc0f0af23d2c103ee7a4599baeec2a,afe06afb188254159288ed77816adabe,scripts/generate_demo_data.py,20260912,CC0-1.0 (pending author approval),yes,,repeated structured text ~600 kB; exercises n=16 branch
DEMO-011,demo_011_zeros_5m.bin,data/demo/demo_011_zeros_5m.bin,large-low-entropy,synthetic,5200000,3a52e3d833b7edf051458509f316d1aa26aa783cdcd913baf2459e31da138156,91f5b77c8a17684cf2825477a8d8e11a,scripts/generate_demo_data.py,20260912,CC0-1.0 (pending author approval),yes,,zero bytes 5.2 MB; exercises n=32 branch
