dataset_id,original_path,size_bytes,sha256_original,decrypted_path,exact_byte_match,provenance_status,redistribution_status,audit_date
F1,results/analysis result/File 1-MP4/F1.mp4,19123560,6a4bde7ba88536058cf30e2522807b3626e4e7425bbfaca10ee81d90c15351b3,results/analysis result/File 1-MP4/F1 (1).mp4_encrypted_decrypted.mp4,yes,excluded private historical evidence; paths not executable in public package; artifact consistency verified at earlier audit; historical run attribution unconfirmed,exclude from initial public release; confirmed by maintainer; affirmative redistribution permission not documented,2026-10-08
F2,results/analysis result/File 2-MP3/F2.mp3,3779324,52fe68e5104a70dd6024f4df5def96a0d67f8f0a00a508d53274aee3437235b8,results/analysis result/File 2-MP3/F2 (1).mp3_encrypted_decrypted.mp3,yes,excluded private historical evidence; paths not executable in public package; artifact consistency verified at earlier audit; historical run attribution unconfirmed,exclude from initial public release; confirmed by maintainer; affirmative redistribution permission not documented,2026-10-08
F3,results/analysis result/File 3-JPG/F3.jpg,7019857,dd266621fb7f5ea7b036c2931c1aade0c6c0671eaf39cdd7cfb39908529c1124,results/analysis result/File 3-JPG/F3 (1).jpg_encrypted_decrypted.jpg,yes,excluded private historical evidence; paths not executable in public package; artifact consistency verified at earlier audit; historical run attribution unconfirmed,exclude from initial public release; confirmed by maintainer; affirmative redistribution permission not documented,2026-10-08
F4,results/analysis result/File 4-PNG/F4.png,12374057,e69fc9423cf2d1dd18c625db39c0982f74207e2291b4417d5cbf23b5c6fdab02,results/analysis result/File 4-PNG/F4 (1).png_encrypted_decrypted.png,yes,excluded private historical evidence; paths not executable in public package; artifact consistency verified at earlier audit; historical run attribution unconfirmed,exclude from initial public release; confirmed by maintainer; affirmative redistribution permission not documented,2026-10-08
F5,results/analysis result/File 5-PDF/F5.pdf,3972474,118c475952e3edc5660b2e1aa480e1d1d0e9de86d1788db49df46242d623be2d,results/analysis result/File 5-PDF/F5 (1).pdf_encrypted_decrypted.pdf,yes,excluded private historical evidence; paths not executable in public package; artifact consistency verified at earlier audit; historical run attribution unconfirmed,exclude from initial public release; confirmed by maintainer; affirmative redistribution permission not documented,2026-10-08
F6,results/analysis result/File 6-MSI/F6.msi,3652608,cf12d8239fc9e99d5c27933485a217b37fb3b0880aea726d22f9bf3e9e6aedd6,results/analysis result/File 6-MSI/F6 (1).msi_encrypted_decrypted,yes,excluded private historical evidence; paths not executable in public package; artifact consistency verified at earlier audit; historical run attribution unconfirmed,exclude from initial public release; confirmed by maintainer; affirmative redistribution permission not documented,2026-10-08
F7,results/analysis result/File 7-ZIP/F7.zip,3750701,d657a832ab9df0aca257aa327bd48c4d8a4cacea6eb8f21e98eba46d22ee9710,results/analysis result/File 7-ZIP/F7 (1).zip_encrypted_decrypted.zip,yes,excluded private historical evidence; paths not executable in public package; artifact consistency verified at earlier audit; historical run attribution unconfirmed,exclude from initial public release; confirmed by maintainer; affirmative redistribution permission not documented,2026-10-08
F8,results/analysis result/File 8-TXT/F8.txt,6061,151321af8aaef988f673baf45a70096b5200ed7ebd2a03c8b967e0f5eb2984cc,results/analysis result/File 8-TXT/F8 (1).txt_encrypted_decrypted,yes,excluded private historical evidence; paths not executable in public package; artifact consistency verified at earlier audit; historical run attribution unconfirmed,exclude from initial public release; confirmed by maintainer; affirmative redistribution permission not documented,2026-10-08
F9,results/analysis result/File 9-EXE/F9.exe,5423488,f1493eac2d8e4634a5c74427966b4e29ad7ebb432ff162bb4ed460cf5f8e0088,results/analysis result/File 9-EXE/F9 (1).exe_encrypted_decrypted,yes,excluded private historical evidence; paths not executable in public package; artifact consistency verified at earlier audit; historical run attribution unconfirmed,exclude from initial public release; confirmed by maintainer; affirmative redistribution permission not documented,2026-10-08
