dataset_id,format,local_availability,artifact_consistency,original_run_attribution,source_and_rights_holder,permission_evidence,proposed_release_action,team_decision_status,review_date
F1,MP4,original/encrypted/decrypted available,original-decrypted equality and report consistency verified,not confirmed,not documented,not recorded,exclude triplet from initial public release,pending team discussion,2026-10-08
F2,MP3,original/encrypted/decrypted available,original-decrypted equality and report consistency verified,not confirmed,not documented,not recorded,exclude triplet from initial public release,pending team discussion,2026-10-08
F3,JPG,original/encrypted/decrypted available,original-decrypted equality and report consistency verified,not confirmed,not documented,not recorded,exclude triplet from initial public release,pending team discussion,2026-10-08
F4,PNG,original/encrypted/decrypted available,original-decrypted equality and report consistency verified,not confirmed,not documented,not recorded,exclude triplet from initial public release,pending team discussion,2026-10-08
F5,PDF,original/encrypted/decrypted available,original-decrypted equality and report consistency verified,not confirmed,not documented,not recorded,exclude triplet from initial public release,pending team discussion,2026-10-08
F6,MSI,original/encrypted/decrypted available,original-decrypted equality and report consistency verified,not confirmed,not documented,not recorded,exclude triplet from initial public release,pending team discussion,2026-10-08
F7,ZIP,original/encrypted/decrypted available,original-decrypted equality and report consistency verified,not confirmed,not documented,not recorded,exclude triplet from initial public release,pending team discussion,2026-10-08
F8,TXT,original/encrypted/decrypted available,original-decrypted equality and report consistency verified,not confirmed,not documented,not recorded,exclude triplet from initial public release,pending team discussion,2026-10-08
F9,EXE,original/encrypted/decrypted available,original-decrypted equality and report consistency verified,not confirmed,not documented,not recorded,exclude triplet from initial public release,pending team discussion,2026-10-08
