manuscript_section,table_or_figure,reported_item,source_notebook_cell,implementation_path,input_artifact,output_artifact,reproduction_status,missing_requirement,notes
Theory §2,Table 1,taxonomy of components,— (prose only),docs/algorithm.md,—,docs/algorithm.md,Implementation available,—,math prose; no code claim
Theory §2,Table 2,SOTA comparison,— (prose only),docs/limitations.md,—,docs/limitations.md,Analysis available but original input missing,—,literature synthesis [PERLU SITASI] for cited rows
Application §3,Table 3,decrypt benchmark 0.0070s/14.27/1125.57KB/99.9%/104300→104267,ori cell 1 (7495Mw2mNX3t),src/pm_bg_aes/crypto.py + scripts/run_experiments.py,FileAttachment.pdf (missing),results/raw/benchmark_runs.csv (demo data),Demonstrated on synthetic input,original input file,values match saved stdout exactly but input unavailable; units relabelled MiB/s
Methodology §4,Table 4,workflow phases,— (prose only),scripts/reproduce_all.py,—,results/logs/experiment.log,Implementation available,—,phases mapped to pipeline stages
Methodology §4,Table 5,paradigm synthesis,— (prose only),docs/limitations.md,—,docs/limitations.md,Analysis available but original input missing,—,literature synthesis [PERLU SITASI]
Results §5,Table 6,UCEF score 60.00/100 + primitive profile,cell 0 md5 + cells 1-2 AES/SHA-256 lines,— (tool absent),—,—,External tool missing,UCEF-Code Security Analyzer v1.0,no imitation scorer built
Results §5,Table 7,F1..F9 multi-format metrics (enc/dec time throughput memory overhead),ori cell 1 metrics boundary,scripts/run_experiments.py (same boundary),F1..F9 originals (missing),results/raw/benchmark_runs.csv (DEMO-001..007),Demonstrated on synthetic input,original F1..F9 files,category F numbers never copied to raw CSVs
Results §5,Table 8,key-space brute-force estimates,— (no implementation),—,—,—,Definition unclear,formulae OMML-blank; derivation script absent
Results §5,Table 9,dictionary attack estimates,— (no implementation),—,—,—,Definition unclear,same as Table 8
Results §5,"Figures 1-4 (architecture/UCEF dashboards)",diagrams + tool output,— (partly external),—,—,—,External tool missing,Figures 1-4 depend on TikZ/UCEF artefacts not in workspace
Results §5,Figure 5,original EXE byte histogram,F9.exe (missing),src/pm_bg_aes/analysis.py + scripts/generate_figures.py,data/demo/*.bin,results/figures/entropy_histogram_DEMO-*.png,Demonstrated on synthetic input,original F9.exe,new histogram on demo data; never labelled Fig.5
Results §5,Figure 6,ciphertext byte histogram,F9.exe ciphertext (missing),src/pm_bg_aes/analysis.py + scripts/generate_figures.py,results demo ciphertext,results/figures/entropy_histogram_DEMO-*.png,Demonstrated on synthetic input,original F9.exe ciphertext,same as above
Results §5,Figure 7,Shift-128 residual histogram [0,127],— (no implementation),—,—,—,Definition unclear,AES tail is NOT Shift-128; no figure generated
Results §5,"Figures S1-S3 (supplement UCEF)",tool dashboards,— (tool absent),—,—,—,External tool missing,no imitation
Results §5,"Figures S4-S8 (supplement distributions/scatter)",histograms + scatter,F9 materials (missing),src/pm_bg_aes/analysis.py + scripts/generate_figures.py,data/demo/*,results/figures/*.png+svg,Demonstrated on synthetic input,original F9 materials,demo equivalents with distinct figure IDs (demo-hist-*, demo-scatter-*)
Supplementary,availability statement,code+data availability,—,docs/availability_statement_draft.md,—,docs/availability_statement_draft.md,Implementation available,author approval for URL/DOI/license,placeholders only; nothing published
