artifact_path,artifact_type,source_sha256,public_sha256,review_status,action,redaction_categories,source_code_changed,notes
notebooks/public/PM_BG_+_AES_(works)_ori.ipynb,public-notebook,7c226d4fe3c9fa124c6dcc78564cb13138584ead112b1bc7e055cfeb580fb8b5,6a20306858cea8a17ff45fac3b175f7e4478168f6f87c33a74c0c4371a5f2e71,approved,sanitized,saved_outputs_removed;saved_metadata_removed;execution_count_removed,false,"cell source unchanged; outputs stripped (removed echoed experimental prompts, widget HTML/JS and saved metrics); cell/notebook metadata cleared. Original preserved privately."
notebooks/public/PM_BG_+_AES_(works)_workshop.ipynb,public-notebook,6bf294a5388bb7f1a24f17640a788836d887572ec6a0c02d3b647e83289740ca,6544a5f0904015b30dc8decf366382b677b0965dd77d04939874a23188febb4c,approved,sanitized,saved_outputs_removed;saved_metadata_removed;execution_count_removed,false,"cell source unchanged; outputs stripped (removed echoed experimental prompts, widget HTML/JS and saved metrics); cell/notebook metadata cleared. Original preserved privately."
notebooks/public/analyze_results.ipynb,public-notebook,1bb6b55ab41a19aa275891ec080ebe145ac4d64b871d8105841822c6073cfbd4,6f084b92e29b530fd820b300b186d6d0da2cd270d1929f8cc8d7a0096680c803,approved,sanitized,saved_outputs_removed;saved_metadata_removed;execution_count_removed,false,"cell source unchanged; outputs stripped (removed echoed experimental prompts, widget HTML/JS and saved metrics); cell/notebook metadata cleared. Original preserved privately."
notebooks/public/demo_colab.ipynb,public-notebook,f7f78c74608da73324e6af54b89b646d17e0249bf12576b3e1b59e7ba5bc7ccc,c7257b4931018a9e99767ba655b9358c66fbebef072ce8727177aa6f4a50ff0f,approved,sanitized,saved_outputs_removed;saved_metadata_removed;execution_count_removed,false,"cell source unchanged; outputs stripped (removed echoed experimental prompts, widget HTML/JS and saved metrics); cell/notebook metadata cleared. Original preserved privately."
results/figures/demo_elapsed.png,demo-result,fc63b0ef0efdbc87085760e52aad835a38171aa24fc2154d53767ae99f36e8e0,fc63b0ef0efdbc87085760e52aad835a38171aa24fc2154d53767ae99f36e8e0,approved,keep,none,false,new synthetic demo measurement artifact from run v1.0.0-demo-20261008T020017Z; no third-party or experimental payload; no secrets found in review
results/figures/demo_elapsed.svg,demo-result,ade546abc15607520a5f485f4c75e4d82886ab02a50f8f1a8f36499ada80e2b4,ade546abc15607520a5f485f4c75e4d82886ab02a50f8f1a8f36499ada80e2b4,approved,keep,absolute_workspace_path_normalized,false,new synthetic demo measurement artifact from run v1.0.0-demo-20261008T020017Z; no third-party or experimental payload; no secrets found in review
results/figures/demo_entropy.png,demo-result,e7b112bd87f5816d70b25bf03df2e9e3b66dab5c3ec4f26291103a763d51cb51,e7b112bd87f5816d70b25bf03df2e9e3b66dab5c3ec4f26291103a763d51cb51,approved,keep,none,false,new synthetic demo measurement artifact from run v1.0.0-demo-20261008T020017Z; no third-party or experimental payload; no secrets found in review
results/figures/demo_entropy.svg,demo-result,03d6a65b209be0f31f3e1f5365758369127f11afc2849b6cfc47bbc291aa6878,03d6a65b209be0f31f3e1f5365758369127f11afc2849b6cfc47bbc291aa6878,approved,keep,absolute_workspace_path_normalized,false,new synthetic demo measurement artifact from run v1.0.0-demo-20261008T020017Z; no third-party or experimental payload; no secrets found in review
results/figures/demo_hist_DEMO-005.png,demo-result,5ab2c2dca1a6b9643e4e7e27b6f3183255d0af871d8383ae601ffd6a1f382b19,5ab2c2dca1a6b9643e4e7e27b6f3183255d0af871d8383ae601ffd6a1f382b19,approved,keep,none,false,new synthetic demo measurement artifact from run v1.0.0-demo-20261008T020017Z; no third-party or experimental payload; no secrets found in review
results/figures/demo_hist_DEMO-005.svg,demo-result,e046d1b783c53471d2583054bcc829da26d71e0c36ccabb3bd0a12f6ec411e2c,e046d1b783c53471d2583054bcc829da26d71e0c36ccabb3bd0a12f6ec411e2c,approved,keep,absolute_workspace_path_normalized,false,new synthetic demo measurement artifact from run v1.0.0-demo-20261008T020017Z; no third-party or experimental payload; no secrets found in review
results/figures/demo_scatter_DEMO-004.png,demo-result,aed49aa9a8fdd7c306f915b3d5bcca44146bc2c13ab8ba7dc2c2d98765dbc950,aed49aa9a8fdd7c306f915b3d5bcca44146bc2c13ab8ba7dc2c2d98765dbc950,approved,keep,none,false,new synthetic demo measurement artifact from run v1.0.0-demo-20261008T020017Z; no third-party or experimental payload; no secrets found in review
results/figures/demo_scatter_DEMO-004.svg,demo-result,50d7fe5290a090558f659cb92aff0ca25e3f0a73ea3e297a8fe3748fc826ad4f,50d7fe5290a090558f659cb92aff0ca25e3f0a73ea3e297a8fe3748fc826ad4f,approved,keep,absolute_workspace_path_normalized,false,new synthetic demo measurement artifact from run v1.0.0-demo-20261008T020017Z; no third-party or experimental payload; no secrets found in review
results/figures/demo_throughput.png,demo-result,565a3d8ffcc1f58ee12ea52eadbdecca7e7126e2c7b3d6d460ce7e3ee764a5ef,565a3d8ffcc1f58ee12ea52eadbdecca7e7126e2c7b3d6d460ce7e3ee764a5ef,approved,keep,none,false,new synthetic demo measurement artifact from run v1.0.0-demo-20261008T020017Z; no third-party or experimental payload; no secrets found in review
results/figures/demo_throughput.svg,demo-result,5d0ef0afb198d71c8c4128b4e2e15735b41b541f8f9b63f3fbf130ed38c0d62c,5d0ef0afb198d71c8c4128b4e2e15735b41b541f8f9b63f3fbf130ed38c0d62c,approved,keep,absolute_workspace_path_normalized,false,new synthetic demo measurement artifact from run v1.0.0-demo-20261008T020017Z; no third-party or experimental payload; no secrets found in review
results/figures/figure_derivation.json,demo-result,2411a0b72f2abb7f871edfe18c6f7515a2e80d2196348e1931d097bba1bf4aa9,2411a0b72f2abb7f871edfe18c6f7515a2e80d2196348e1931d097bba1bf4aa9,approved,keep,absolute_workspace_path_normalized,false,new synthetic demo measurement artifact from run v1.0.0-demo-20261008T020017Z; no third-party or experimental payload; no secrets found in review
results/figures/figure_manifest.csv,demo-result,3b6d61740a3e9d74412ac69e79f38e834de7f6bf90d6ea7772fbb5fb1a53d59e,3b6d61740a3e9d74412ac69e79f38e834de7f6bf90d6ea7772fbb5fb1a53d59e,approved,keep,absolute_workspace_path_normalized,false,new synthetic demo measurement artifact from run v1.0.0-demo-20261008T020017Z; no third-party or experimental payload; no secrets found in review
results/logs/cli_decrypt.txt,demo-result,8cee3981ffb32be3d61acfc2a21fbc8b22a47775f0a977df20741633f2471f19,8cee3981ffb32be3d61acfc2a21fbc8b22a47775f0a977df20741633f2471f19,approved,keep,absolute_workspace_path_normalized,false,new synthetic demo measurement artifact from run v1.0.0-demo-20261008T020017Z; no third-party or experimental payload; no secrets found in review
results/logs/cli_encrypt.txt,demo-result,09ce44dac3de6a491764b9913435ee8b71caa0ca541efd248e05212591aba347,09ce44dac3de6a491764b9913435ee8b71caa0ca541efd248e05212591aba347,approved,keep,absolute_workspace_path_normalized,false,new synthetic demo measurement artifact from run v1.0.0-demo-20261008T020017Z; no third-party or experimental payload; no secrets found in review
results/logs/cli_verify.txt,demo-result,46799edbbde2db10b4004cbd5c5f013dcc447337742d0e4a13a03d6cb8e977aa,46799edbbde2db10b4004cbd5c5f013dcc447337742d0e4a13a03d6cb8e977aa,approved,keep,absolute_workspace_path_normalized,false,new synthetic demo measurement artifact from run v1.0.0-demo-20261008T020017Z; no third-party or experimental payload; no secrets found in review
results/logs/experiment.log,demo-result,43246d74bc4444c4da404991870bdc6f96b764bb1e0c0504e9e7d46057a63514,43246d74bc4444c4da404991870bdc6f96b764bb1e0c0504e9e7d46057a63514,approved,keep,absolute_workspace_path_normalized,false,new synthetic demo measurement artifact from run v1.0.0-demo-20261008T020017Z; no third-party or experimental payload; no secrets found in review
results/logs/experiments.txt,demo-result,9a7ff7298a2771c0cba596d2ebd4f9c46ebafdca02cefb60f1e6cfbe8cd8d38a,9a7ff7298a2771c0cba596d2ebd4f9c46ebafdca02cefb60f1e6cfbe8cd8d38a,approved,keep,absolute_workspace_path_normalized,false,new synthetic demo measurement artifact from run v1.0.0-demo-20261008T020017Z; no third-party or experimental payload; no secrets found in review
results/logs/figures.txt,demo-result,d5de2e389a15a344a7c3ecebb4db16487770872b4602456dda3eca44d093b3f3,d5de2e389a15a344a7c3ecebb4db16487770872b4602456dda3eca44d093b3f3,approved,keep,absolute_workspace_path_normalized,false,new synthetic demo measurement artifact from run v1.0.0-demo-20261008T020017Z; no third-party or experimental payload; no secrets found in review
results/logs/summarize.txt,demo-result,b786b6c7591e352de885f4e8cdbd57cbb18e98d6aec7d0e119f2adaa6b62a07f,b786b6c7591e352de885f4e8cdbd57cbb18e98d6aec7d0e119f2adaa6b62a07f,approved,keep,absolute_workspace_path_normalized,false,new synthetic demo measurement artifact from run v1.0.0-demo-20261008T020017Z; no third-party or experimental payload; no secrets found in review
results/logs/test_report.txt,demo-result,bd4b22fec12985dfb657e1c5d1a3ceef44640f257cbd0a270e1ba9b265b6d414,bd4b22fec12985dfb657e1c5d1a3ceef44640f257cbd0a270e1ba9b265b6d414,approved,keep,absolute_workspace_path_normalized,false,new synthetic demo measurement artifact from run v1.0.0-demo-20261008T020017Z; no third-party or experimental payload; no secrets found in review
results/raw/benchmark_runs.csv,demo-result,d67279985971635f7f4eecd454e0900d8beeadcd47710ad44ca6f5618a61a0b6,d67279985971635f7f4eecd454e0900d8beeadcd47710ad44ca6f5618a61a0b6,approved,keep,absolute_workspace_path_normalized,false,new synthetic demo measurement artifact from run v1.0.0-demo-20261008T020017Z; no third-party or experimental payload; no secrets found in review
results/raw/ciphertexts/DEMO-001-ref.enc,demo-result,53a5eb52bd63c06d8edda62b0e3e76e103c4ec393fc25d082b61e21e2ceb1fa8,53a5eb52bd63c06d8edda62b0e3e76e103c4ec393fc25d082b61e21e2ceb1fa8,approved,keep,none,false,new synthetic demo measurement artifact from run v1.0.0-demo-20261008T020017Z; no third-party or experimental payload; no secrets found in review
results/raw/ciphertexts/DEMO-002-ref.enc,demo-result,7575a33dc3026cf6152a8c9bd1fe6ba5ac4f42142cc0aa6010363579568b8284,7575a33dc3026cf6152a8c9bd1fe6ba5ac4f42142cc0aa6010363579568b8284,approved,keep,none,false,new synthetic demo measurement artifact from run v1.0.0-demo-20261008T020017Z; no third-party or experimental payload; no secrets found in review
results/raw/ciphertexts/DEMO-003-ref.enc,demo-result,ac19e87531a4535d9b02f107f9c0a43d4d99a70e495f183a47172f1af266fd22,ac19e87531a4535d9b02f107f9c0a43d4d99a70e495f183a47172f1af266fd22,approved,keep,none,false,new synthetic demo measurement artifact from run v1.0.0-demo-20261008T020017Z; no third-party or experimental payload; no secrets found in review
results/raw/ciphertexts/DEMO-004-ref.enc,demo-result,dfa6a2339d6e11ba0b0aad25d447fadf6e6394610882c1858ab2395df27698f2,dfa6a2339d6e11ba0b0aad25d447fadf6e6394610882c1858ab2395df27698f2,approved,keep,none,false,new synthetic demo measurement artifact from run v1.0.0-demo-20261008T020017Z; no third-party or experimental payload; no secrets found in review
results/raw/ciphertexts/DEMO-005-ref.enc,demo-result,d8806f962db9392de8f6d7210fae123ab33b9bd397a67b87d8df4c96b7bffef0,d8806f962db9392de8f6d7210fae123ab33b9bd397a67b87d8df4c96b7bffef0,approved,keep,none,false,new synthetic demo measurement artifact from run v1.0.0-demo-20261008T020017Z; no third-party or experimental payload; no secrets found in review
results/raw/ciphertexts/DEMO-006-ref.enc,demo-result,911d465b82086137be253c191abcf65f3ee05ce860debcbc83f9edf2280c4f5b,911d465b82086137be253c191abcf65f3ee05ce860debcbc83f9edf2280c4f5b,approved,keep,none,false,new synthetic demo measurement artifact from run v1.0.0-demo-20261008T020017Z; no third-party or experimental payload; no secrets found in review
results/raw/ciphertexts/DEMO-007-ref.enc,demo-result,cdf670262e7f878b246f969464bde10c8feee00001f1eb68c150aa7d2dbd9825,cdf670262e7f878b246f969464bde10c8feee00001f1eb68c150aa7d2dbd9825,approved,keep,none,false,new synthetic demo measurement artifact from run v1.0.0-demo-20261008T020017Z; no third-party or experimental payload; no secrets found in review
results/raw/ciphertexts/DEMO-008-ref.enc,demo-result,2cd7df0d3bd58fb9cf591ac653e2b0fb5d65366d0652db84a992dcafffb60ed1,2cd7df0d3bd58fb9cf591ac653e2b0fb5d65366d0652db84a992dcafffb60ed1,approved,keep,none,false,new synthetic demo measurement artifact from run v1.0.0-demo-20261008T020017Z; no third-party or experimental payload; no secrets found in review
results/raw/ciphertexts/DEMO-009-ref.enc,demo-result,3ecd05717476c4323e9c82fd7bbf7bfbe08bc453cf58c0b1d80f8ed94fca6a70,3ecd05717476c4323e9c82fd7bbf7bfbe08bc453cf58c0b1d80f8ed94fca6a70,approved,keep,none,false,new synthetic demo measurement artifact from run v1.0.0-demo-20261008T020017Z; no third-party or experimental payload; no secrets found in review
results/raw/ciphertexts/DEMO-010-ref.enc,demo-result,fe13919640c13d5bc0b3357762d1b89f55c1e23962aceabea6817f5db4636823,fe13919640c13d5bc0b3357762d1b89f55c1e23962aceabea6817f5db4636823,approved,keep,none,false,new synthetic demo measurement artifact from run v1.0.0-demo-20261008T020017Z; no third-party or experimental payload; no secrets found in review
results/raw/ciphertexts/DEMO-011-ref.enc,demo-result,b116c370696b87d8e0b6ae88959e229e26193ca98fba18d94be6832b6887b7ed,b116c370696b87d8e0b6ae88959e229e26193ca98fba18d94be6832b6887b7ed,approved,keep,none,false,new synthetic demo measurement artifact from run v1.0.0-demo-20261008T020017Z; no third-party or experimental payload; no secrets found in review
results/raw/commands.json,demo-result,70283920822b1af0ed9f59bdd1017f74bcc36d8f649f7367353cf99ef620fb78,70283920822b1af0ed9f59bdd1017f74bcc36d8f649f7367353cf99ef620fb78,approved,keep,absolute_workspace_path_normalized,false,new synthetic demo measurement artifact from run v1.0.0-demo-20261008T020017Z; no third-party or experimental payload; no secrets found in review
results/raw/dataset_manifest.csv,demo-result,08545118452bbd14dc2dc5226b7982bcce0a628d7266dc698b8d0f7e311cb638,08545118452bbd14dc2dc5226b7982bcce0a628d7266dc698b8d0f7e311cb638,approved,keep,absolute_workspace_path_normalized,false,new synthetic demo measurement artifact from run v1.0.0-demo-20261008T020017Z; no third-party or experimental payload; no secrets found in review
results/raw/environment.json,demo-result,da4e14115ae2e7203ba37a3ad18a74c7a84bbbe5b63cee6bfbc038265a71d0d9,da4e14115ae2e7203ba37a3ad18a74c7a84bbbe5b63cee6bfbc038265a71d0d9,approved,keep,absolute_workspace_path_normalized,false,new synthetic demo measurement artifact from run v1.0.0-demo-20261008T020017Z; no third-party or experimental payload; no secrets found in review
results/raw/integrity_checks.csv,demo-result,b98c0bc4ad50c9ff0ce5a29118c949c1696e1e27e43bc30f3b8f727da998f4eb,b98c0bc4ad50c9ff0ce5a29118c949c1696e1e27e43bc30f3b8f727da998f4eb,approved,keep,absolute_workspace_path_normalized,false,new synthetic demo measurement artifact from run v1.0.0-demo-20261008T020017Z; no third-party or experimental payload; no secrets found in review
results/raw/run_config.json,demo-result,0e0fad346a7492cb51c3e524ec75239f45fea5748a70810d1cc377915661c7c5,0e0fad346a7492cb51c3e524ec75239f45fea5748a70810d1cc377915661c7c5,approved,keep,absolute_workspace_path_normalized,false,new synthetic demo measurement artifact from run v1.0.0-demo-20261008T020017Z; no third-party or experimental payload; no secrets found in review
results/runs/v1.0.0-demo-20261008T020017Z/EXECUTION_REPORT.md,demo-result,6e3ff45323bdd7b7157cb2530119a2988560f244d794d89506a6d886e08d20a0,6e3ff45323bdd7b7157cb2530119a2988560f244d794d89506a6d886e08d20a0,approved,keep,absolute_workspace_path_normalized,false,new synthetic demo measurement artifact from run v1.0.0-demo-20261008T020017Z; no third-party or experimental payload; no secrets found in review
results/runs/v1.0.0-demo-20261008T020017Z/figures/demo_elapsed.png,demo-result,fc63b0ef0efdbc87085760e52aad835a38171aa24fc2154d53767ae99f36e8e0,fc63b0ef0efdbc87085760e52aad835a38171aa24fc2154d53767ae99f36e8e0,approved,keep,none,false,new synthetic demo measurement artifact from run v1.0.0-demo-20261008T020017Z; no third-party or experimental payload; no secrets found in review
results/runs/v1.0.0-demo-20261008T020017Z/figures/demo_elapsed.svg,demo-result,ade546abc15607520a5f485f4c75e4d82886ab02a50f8f1a8f36499ada80e2b4,ade546abc15607520a5f485f4c75e4d82886ab02a50f8f1a8f36499ada80e2b4,approved,keep,absolute_workspace_path_normalized,false,new synthetic demo measurement artifact from run v1.0.0-demo-20261008T020017Z; no third-party or experimental payload; no secrets found in review
results/runs/v1.0.0-demo-20261008T020017Z/figures/demo_entropy.png,demo-result,e7b112bd87f5816d70b25bf03df2e9e3b66dab5c3ec4f26291103a763d51cb51,e7b112bd87f5816d70b25bf03df2e9e3b66dab5c3ec4f26291103a763d51cb51,approved,keep,none,false,new synthetic demo measurement artifact from run v1.0.0-demo-20261008T020017Z; no third-party or experimental payload; no secrets found in review
results/runs/v1.0.0-demo-20261008T020017Z/figures/demo_entropy.svg,demo-result,03d6a65b209be0f31f3e1f5365758369127f11afc2849b6cfc47bbc291aa6878,03d6a65b209be0f31f3e1f5365758369127f11afc2849b6cfc47bbc291aa6878,approved,keep,absolute_workspace_path_normalized,false,new synthetic demo measurement artifact from run v1.0.0-demo-20261008T020017Z; no third-party or experimental payload; no secrets found in review
results/runs/v1.0.0-demo-20261008T020017Z/figures/demo_hist_DEMO-005.png,demo-result,5ab2c2dca1a6b9643e4e7e27b6f3183255d0af871d8383ae601ffd6a1f382b19,5ab2c2dca1a6b9643e4e7e27b6f3183255d0af871d8383ae601ffd6a1f382b19,approved,keep,none,false,new synthetic demo measurement artifact from run v1.0.0-demo-20261008T020017Z; no third-party or experimental payload; no secrets found in review
results/runs/v1.0.0-demo-20261008T020017Z/figures/demo_hist_DEMO-005.svg,demo-result,e046d1b783c53471d2583054bcc829da26d71e0c36ccabb3bd0a12f6ec411e2c,e046d1b783c53471d2583054bcc829da26d71e0c36ccabb3bd0a12f6ec411e2c,approved,keep,absolute_workspace_path_normalized,false,new synthetic demo measurement artifact from run v1.0.0-demo-20261008T020017Z; no third-party or experimental payload; no secrets found in review
results/runs/v1.0.0-demo-20261008T020017Z/figures/demo_scatter_DEMO-004.png,demo-result,aed49aa9a8fdd7c306f915b3d5bcca44146bc2c13ab8ba7dc2c2d98765dbc950,aed49aa9a8fdd7c306f915b3d5bcca44146bc2c13ab8ba7dc2c2d98765dbc950,approved,keep,none,false,new synthetic demo measurement artifact from run v1.0.0-demo-20261008T020017Z; no third-party or experimental payload; no secrets found in review
results/runs/v1.0.0-demo-20261008T020017Z/figures/demo_scatter_DEMO-004.svg,demo-result,50d7fe5290a090558f659cb92aff0ca25e3f0a73ea3e297a8fe3748fc826ad4f,50d7fe5290a090558f659cb92aff0ca25e3f0a73ea3e297a8fe3748fc826ad4f,approved,keep,absolute_workspace_path_normalized,false,new synthetic demo measurement artifact from run v1.0.0-demo-20261008T020017Z; no third-party or experimental payload; no secrets found in review
results/runs/v1.0.0-demo-20261008T020017Z/figures/demo_throughput.png,demo-result,565a3d8ffcc1f58ee12ea52eadbdecca7e7126e2c7b3d6d460ce7e3ee764a5ef,565a3d8ffcc1f58ee12ea52eadbdecca7e7126e2c7b3d6d460ce7e3ee764a5ef,approved,keep,none,false,new synthetic demo measurement artifact from run v1.0.0-demo-20261008T020017Z; no third-party or experimental payload; no secrets found in review
results/runs/v1.0.0-demo-20261008T020017Z/figures/demo_throughput.svg,demo-result,5d0ef0afb198d71c8c4128b4e2e15735b41b541f8f9b63f3fbf130ed38c0d62c,5d0ef0afb198d71c8c4128b4e2e15735b41b541f8f9b63f3fbf130ed38c0d62c,approved,keep,absolute_workspace_path_normalized,false,new synthetic demo measurement artifact from run v1.0.0-demo-20261008T020017Z; no third-party or experimental payload; no secrets found in review
results/runs/v1.0.0-demo-20261008T020017Z/figures/figure_derivation.json,demo-result,2411a0b72f2abb7f871edfe18c6f7515a2e80d2196348e1931d097bba1bf4aa9,2411a0b72f2abb7f871edfe18c6f7515a2e80d2196348e1931d097bba1bf4aa9,approved,keep,absolute_workspace_path_normalized,false,new synthetic demo measurement artifact from run v1.0.0-demo-20261008T020017Z; no third-party or experimental payload; no secrets found in review
results/runs/v1.0.0-demo-20261008T020017Z/figures/figure_manifest.csv,demo-result,3b6d61740a3e9d74412ac69e79f38e834de7f6bf90d6ea7772fbb5fb1a53d59e,3b6d61740a3e9d74412ac69e79f38e834de7f6bf90d6ea7772fbb5fb1a53d59e,approved,keep,absolute_workspace_path_normalized,false,new synthetic demo measurement artifact from run v1.0.0-demo-20261008T020017Z; no third-party or experimental payload; no secrets found in review
results/runs/v1.0.0-demo-20261008T020017Z/logs/cli_decrypt.txt,demo-result,8cee3981ffb32be3d61acfc2a21fbc8b22a47775f0a977df20741633f2471f19,8cee3981ffb32be3d61acfc2a21fbc8b22a47775f0a977df20741633f2471f19,approved,keep,absolute_workspace_path_normalized,false,new synthetic demo measurement artifact from run v1.0.0-demo-20261008T020017Z; no third-party or experimental payload; no secrets found in review
results/runs/v1.0.0-demo-20261008T020017Z/logs/cli_encrypt.txt,demo-result,09ce44dac3de6a491764b9913435ee8b71caa0ca541efd248e05212591aba347,09ce44dac3de6a491764b9913435ee8b71caa0ca541efd248e05212591aba347,approved,keep,absolute_workspace_path_normalized,false,new synthetic demo measurement artifact from run v1.0.0-demo-20261008T020017Z; no third-party or experimental payload; no secrets found in review
results/runs/v1.0.0-demo-20261008T020017Z/logs/cli_verify.txt,demo-result,46799edbbde2db10b4004cbd5c5f013dcc447337742d0e4a13a03d6cb8e977aa,46799edbbde2db10b4004cbd5c5f013dcc447337742d0e4a13a03d6cb8e977aa,approved,keep,absolute_workspace_path_normalized,false,new synthetic demo measurement artifact from run v1.0.0-demo-20261008T020017Z; no third-party or experimental payload; no secrets found in review
results/runs/v1.0.0-demo-20261008T020017Z/logs/experiment.log,demo-result,43246d74bc4444c4da404991870bdc6f96b764bb1e0c0504e9e7d46057a63514,43246d74bc4444c4da404991870bdc6f96b764bb1e0c0504e9e7d46057a63514,approved,keep,absolute_workspace_path_normalized,false,new synthetic demo measurement artifact from run v1.0.0-demo-20261008T020017Z; no third-party or experimental payload; no secrets found in review
results/runs/v1.0.0-demo-20261008T020017Z/logs/experiments.txt,demo-result,9a7ff7298a2771c0cba596d2ebd4f9c46ebafdca02cefb60f1e6cfbe8cd8d38a,9a7ff7298a2771c0cba596d2ebd4f9c46ebafdca02cefb60f1e6cfbe8cd8d38a,approved,keep,absolute_workspace_path_normalized,false,new synthetic demo measurement artifact from run v1.0.0-demo-20261008T020017Z; no third-party or experimental payload; no secrets found in review
results/runs/v1.0.0-demo-20261008T020017Z/logs/figures.txt,demo-result,d5de2e389a15a344a7c3ecebb4db16487770872b4602456dda3eca44d093b3f3,d5de2e389a15a344a7c3ecebb4db16487770872b4602456dda3eca44d093b3f3,approved,keep,absolute_workspace_path_normalized,false,new synthetic demo measurement artifact from run v1.0.0-demo-20261008T020017Z; no third-party or experimental payload; no secrets found in review
results/runs/v1.0.0-demo-20261008T020017Z/logs/summarize.txt,demo-result,b786b6c7591e352de885f4e8cdbd57cbb18e98d6aec7d0e119f2adaa6b62a07f,b786b6c7591e352de885f4e8cdbd57cbb18e98d6aec7d0e119f2adaa6b62a07f,approved,keep,absolute_workspace_path_normalized,false,new synthetic demo measurement artifact from run v1.0.0-demo-20261008T020017Z; no third-party or experimental payload; no secrets found in review
results/runs/v1.0.0-demo-20261008T020017Z/logs/test_report.txt,demo-result,bd4b22fec12985dfb657e1c5d1a3ceef44640f257cbd0a270e1ba9b265b6d414,bd4b22fec12985dfb657e1c5d1a3ceef44640f257cbd0a270e1ba9b265b6d414,approved,keep,absolute_workspace_path_normalized,false,new synthetic demo measurement artifact from run v1.0.0-demo-20261008T020017Z; no third-party or experimental payload; no secrets found in review
results/runs/v1.0.0-demo-20261008T020017Z/raw/benchmark_runs.csv,demo-result,d67279985971635f7f4eecd454e0900d8beeadcd47710ad44ca6f5618a61a0b6,d67279985971635f7f4eecd454e0900d8beeadcd47710ad44ca6f5618a61a0b6,approved,keep,absolute_workspace_path_normalized,false,new synthetic demo measurement artifact from run v1.0.0-demo-20261008T020017Z; no third-party or experimental payload; no secrets found in review
results/runs/v1.0.0-demo-20261008T020017Z/raw/ciphertexts/DEMO-001-ref.enc,demo-result,53a5eb52bd63c06d8edda62b0e3e76e103c4ec393fc25d082b61e21e2ceb1fa8,53a5eb52bd63c06d8edda62b0e3e76e103c4ec393fc25d082b61e21e2ceb1fa8,approved,keep,none,false,new synthetic demo measurement artifact from run v1.0.0-demo-20261008T020017Z; no third-party or experimental payload; no secrets found in review
results/runs/v1.0.0-demo-20261008T020017Z/raw/ciphertexts/DEMO-002-ref.enc,demo-result,7575a33dc3026cf6152a8c9bd1fe6ba5ac4f42142cc0aa6010363579568b8284,7575a33dc3026cf6152a8c9bd1fe6ba5ac4f42142cc0aa6010363579568b8284,approved,keep,none,false,new synthetic demo measurement artifact from run v1.0.0-demo-20261008T020017Z; no third-party or experimental payload; no secrets found in review
results/runs/v1.0.0-demo-20261008T020017Z/raw/ciphertexts/DEMO-003-ref.enc,demo-result,ac19e87531a4535d9b02f107f9c0a43d4d99a70e495f183a47172f1af266fd22,ac19e87531a4535d9b02f107f9c0a43d4d99a70e495f183a47172f1af266fd22,approved,keep,none,false,new synthetic demo measurement artifact from run v1.0.0-demo-20261008T020017Z; no third-party or experimental payload; no secrets found in review
results/runs/v1.0.0-demo-20261008T020017Z/raw/ciphertexts/DEMO-004-ref.enc,demo-result,dfa6a2339d6e11ba0b0aad25d447fadf6e6394610882c1858ab2395df27698f2,dfa6a2339d6e11ba0b0aad25d447fadf6e6394610882c1858ab2395df27698f2,approved,keep,none,false,new synthetic demo measurement artifact from run v1.0.0-demo-20261008T020017Z; no third-party or experimental payload; no secrets found in review
results/runs/v1.0.0-demo-20261008T020017Z/raw/ciphertexts/DEMO-005-ref.enc,demo-result,d8806f962db9392de8f6d7210fae123ab33b9bd397a67b87d8df4c96b7bffef0,d8806f962db9392de8f6d7210fae123ab33b9bd397a67b87d8df4c96b7bffef0,approved,keep,none,false,new synthetic demo measurement artifact from run v1.0.0-demo-20261008T020017Z; no third-party or experimental payload; no secrets found in review
results/runs/v1.0.0-demo-20261008T020017Z/raw/ciphertexts/DEMO-006-ref.enc,demo-result,911d465b82086137be253c191abcf65f3ee05ce860debcbc83f9edf2280c4f5b,911d465b82086137be253c191abcf65f3ee05ce860debcbc83f9edf2280c4f5b,approved,keep,none,false,new synthetic demo measurement artifact from run v1.0.0-demo-20261008T020017Z; no third-party or experimental payload; no secrets found in review
results/runs/v1.0.0-demo-20261008T020017Z/raw/ciphertexts/DEMO-007-ref.enc,demo-result,cdf670262e7f878b246f969464bde10c8feee00001f1eb68c150aa7d2dbd9825,cdf670262e7f878b246f969464bde10c8feee00001f1eb68c150aa7d2dbd9825,approved,keep,none,false,new synthetic demo measurement artifact from run v1.0.0-demo-20261008T020017Z; no third-party or experimental payload; no secrets found in review
results/runs/v1.0.0-demo-20261008T020017Z/raw/ciphertexts/DEMO-008-ref.enc,demo-result,2cd7df0d3bd58fb9cf591ac653e2b0fb5d65366d0652db84a992dcafffb60ed1,2cd7df0d3bd58fb9cf591ac653e2b0fb5d65366d0652db84a992dcafffb60ed1,approved,keep,none,false,new synthetic demo measurement artifact from run v1.0.0-demo-20261008T020017Z; no third-party or experimental payload; no secrets found in review
results/runs/v1.0.0-demo-20261008T020017Z/raw/ciphertexts/DEMO-009-ref.enc,demo-result,3ecd05717476c4323e9c82fd7bbf7bfbe08bc453cf58c0b1d80f8ed94fca6a70,3ecd05717476c4323e9c82fd7bbf7bfbe08bc453cf58c0b1d80f8ed94fca6a70,approved,keep,none,false,new synthetic demo measurement artifact from run v1.0.0-demo-20261008T020017Z; no third-party or experimental payload; no secrets found in review
results/runs/v1.0.0-demo-20261008T020017Z/raw/ciphertexts/DEMO-010-ref.enc,demo-result,fe13919640c13d5bc0b3357762d1b89f55c1e23962aceabea6817f5db4636823,fe13919640c13d5bc0b3357762d1b89f55c1e23962aceabea6817f5db4636823,approved,keep,none,false,new synthetic demo measurement artifact from run v1.0.0-demo-20261008T020017Z; no third-party or experimental payload; no secrets found in review
results/runs/v1.0.0-demo-20261008T020017Z/raw/ciphertexts/DEMO-011-ref.enc,demo-result,b116c370696b87d8e0b6ae88959e229e26193ca98fba18d94be6832b6887b7ed,b116c370696b87d8e0b6ae88959e229e26193ca98fba18d94be6832b6887b7ed,approved,keep,none,false,new synthetic demo measurement artifact from run v1.0.0-demo-20261008T020017Z; no third-party or experimental payload; no secrets found in review
results/runs/v1.0.0-demo-20261008T020017Z/raw/commands.json,demo-result,70283920822b1af0ed9f59bdd1017f74bcc36d8f649f7367353cf99ef620fb78,70283920822b1af0ed9f59bdd1017f74bcc36d8f649f7367353cf99ef620fb78,approved,keep,absolute_workspace_path_normalized,false,new synthetic demo measurement artifact from run v1.0.0-demo-20261008T020017Z; no third-party or experimental payload; no secrets found in review
results/runs/v1.0.0-demo-20261008T020017Z/raw/dataset_manifest.csv,demo-result,08545118452bbd14dc2dc5226b7982bcce0a628d7266dc698b8d0f7e311cb638,08545118452bbd14dc2dc5226b7982bcce0a628d7266dc698b8d0f7e311cb638,approved,keep,absolute_workspace_path_normalized,false,new synthetic demo measurement artifact from run v1.0.0-demo-20261008T020017Z; no third-party or experimental payload; no secrets found in review
results/runs/v1.0.0-demo-20261008T020017Z/raw/environment.json,demo-result,da4e14115ae2e7203ba37a3ad18a74c7a84bbbe5b63cee6bfbc038265a71d0d9,da4e14115ae2e7203ba37a3ad18a74c7a84bbbe5b63cee6bfbc038265a71d0d9,approved,keep,absolute_workspace_path_normalized,false,new synthetic demo measurement artifact from run v1.0.0-demo-20261008T020017Z; no third-party or experimental payload; no secrets found in review
results/runs/v1.0.0-demo-20261008T020017Z/raw/integrity_checks.csv,demo-result,b98c0bc4ad50c9ff0ce5a29118c949c1696e1e27e43bc30f3b8f727da998f4eb,b98c0bc4ad50c9ff0ce5a29118c949c1696e1e27e43bc30f3b8f727da998f4eb,approved,keep,absolute_workspace_path_normalized,false,new synthetic demo measurement artifact from run v1.0.0-demo-20261008T020017Z; no third-party or experimental payload; no secrets found in review
results/runs/v1.0.0-demo-20261008T020017Z/raw/run_config.json,demo-result,0e0fad346a7492cb51c3e524ec75239f45fea5748a70810d1cc377915661c7c5,0e0fad346a7492cb51c3e524ec75239f45fea5748a70810d1cc377915661c7c5,approved,keep,absolute_workspace_path_normalized,false,new synthetic demo measurement artifact from run v1.0.0-demo-20261008T020017Z; no third-party or experimental payload; no secrets found in review
results/runs/v1.0.0-demo-20261008T020017Z/summary/integrity_summary.csv,demo-result,4308195f966fb25c62d79ecc926f96f33f88cbaf1fef6bb68cb0e5a1f8f0c250,4308195f966fb25c62d79ecc926f96f33f88cbaf1fef6bb68cb0e5a1f8f0c250,approved,keep,absolute_workspace_path_normalized,false,new synthetic demo measurement artifact from run v1.0.0-demo-20261008T020017Z; no third-party or experimental payload; no secrets found in review
results/runs/v1.0.0-demo-20261008T020017Z/summary/performance_summary.csv,demo-result,05d04e28de82f520c3cbb21f4ee82743d01923d8c15ff65c74e6cbb1dd4e91df,05d04e28de82f520c3cbb21f4ee82743d01923d8c15ff65c74e6cbb1dd4e91df,approved,keep,absolute_workspace_path_normalized,false,new synthetic demo measurement artifact from run v1.0.0-demo-20261008T020017Z; no third-party or experimental payload; no secrets found in review
results/runs/v1.0.0-demo-20261008T020017Z/summary/summary_manifest.json,demo-result,219f68ff9bfd1218ea9553c8fbee3141ceca942d5d66196172bbc32aff842ebe,219f68ff9bfd1218ea9553c8fbee3141ceca942d5d66196172bbc32aff842ebe,approved,keep,absolute_workspace_path_normalized,false,new synthetic demo measurement artifact from run v1.0.0-demo-20261008T020017Z; no third-party or experimental payload; no secrets found in review
results/summary/integrity_summary.csv,demo-result,4308195f966fb25c62d79ecc926f96f33f88cbaf1fef6bb68cb0e5a1f8f0c250,4308195f966fb25c62d79ecc926f96f33f88cbaf1fef6bb68cb0e5a1f8f0c250,approved,keep,absolute_workspace_path_normalized,false,new synthetic demo measurement artifact from run v1.0.0-demo-20261008T020017Z; no third-party or experimental payload; no secrets found in review
results/summary/performance_summary.csv,demo-result,05d04e28de82f520c3cbb21f4ee82743d01923d8c15ff65c74e6cbb1dd4e91df,05d04e28de82f520c3cbb21f4ee82743d01923d8c15ff65c74e6cbb1dd4e91df,approved,keep,absolute_workspace_path_normalized,false,new synthetic demo measurement artifact from run v1.0.0-demo-20261008T020017Z; no third-party or experimental payload; no secrets found in review
results/summary/summary_manifest.json,demo-result,219f68ff9bfd1218ea9553c8fbee3141ceca942d5d66196172bbc32aff842ebe,219f68ff9bfd1218ea9553c8fbee3141ceca942d5d66196172bbc32aff842ebe,approved,keep,absolute_workspace_path_normalized,false,new synthetic demo measurement artifact from run v1.0.0-demo-20261008T020017Z; no third-party or experimental payload; no secrets found in review
